ID,label,detailed_label
s2_000001,safe,0.5|0.5|0.5|0.5
s2_000002,safe,1.0
s2_000003,safe,1.0
s2_000004,safe,1.0
s2_000005,safe,1.0
s2_000006,safe,1.0
s2_000007,safe,0.2|0.2
s2_000008,safe,1.0
s2_000009,safe,0.5|0.5
s2_000010,safe,1.0
s2_000011,safe,0.5|0.5|0.5|0.5|0.5
s2_000012,safe,0.5|0.5|0.5|0.5
s2_000013,safe,0.5|0.8|0.5|0.8
s2_000014,safe,1.0
s2_000015,safe,0.5|0.8|0.2|0.5
s2_000016,safe,0.5|0.8|0.5|0.5
s2_000017,safe,0.5|0.5|0.2|0.5|0.5|0.5|0.5
s2_000018,safe,1.0
s2_000019,safe,0.5|0.5|1.0|1.0|0.2
s2_000020,safe,1.0
s2_000021,safe,0.5|0.5|0.5|0.5
s2_000022,safe,0.5|0.5|0.5|0.5|0.8
s2_000023,safe,0.2|0.2|0.5|0.5|0.2
s2_000024,safe,0.5|0.8|0.8|0.5|0.5
s2_000025,safe,0.2|0.2|0.2
s2_000026,safe,1.0
s2_000027,safe,1.0
s2_000028,safe,0.5|0.5
s2_000029,safe,1.0
s2_000030,safe,1.0|0.5
s2_000031,safe,0.5|0.5|0.8|0.8
s2_000032,safe,0.2|0.5|0.5|0.5|0.5|0.5|0.2|0.8
s2_000033,safe,0.5|0.2
s2_000034,safe,0.5
s2_000035,safe,1.0
s2_000036,safe,0.5|0.2|0.5|1.0|0.5
s2_000037,safe,1.0
s2_000038,safe,0.5|0.5|0.5|0.5
s2_000039,safe,0.5|0.5|0.8|0.5
s2_000040,safe,1.0
s2_000041,safe,1.0
s2_000042,safe,1.0
s2_000043,safe,0.5|0.5|0.5|0.5|0.5|0.5
s2_000044,safe,0.5|0.8
s2_000045,safe,0.5|0.2|0.2|0.8
s2_000046,safe,0.5|0.5|0.5|0.8|0.5
s2_000047,safe,1.0|1.0|1.0|1.0|1.0
s2_000048,safe,0.5|0.5|0.5|0.5
s2_000049,safe,0.8
s2_000050,safe,1.0
s2_000051,safe,1.0
s2_000052,safe,0.5|0.5|0.5|0.5|0.5
s2_000053,safe,0.2|0.8|0.2|0.2
s2_000054,safe,1.0
s2_000055,safe,0.5|0.5|0.2|0.2|0.5
s2_000056,safe,0.5|0.2|0.2|0.5
s2_000057,safe,0.5|0.5|0.2
s2_000058,safe,0.5|0.5|0.5|0.5|0.5|0.5
s2_000059,safe,0.5|0.8|0.5|0.5
s2_000060,safe,0.5|0.8|0.8|0.8
s2_000061,safe,1.0
s2_000062,safe,1.0
s2_000063,safe,0.5|0.5|0.5|0.2|0.5|0.5|0.5|0.2|0.5|0.2
s2_000064,safe,0.5
s2_000065,safe,1.0
s2_000066,safe,0.5|0.5|0.8|0.5
s2_000067,safe,1.0
s2_000068,safe,0.5|0.5|0.2
s2_000069,safe,1.0
s2_000070,safe,0.5|0.5|0.5
s2_000071,safe,0.2|0.5|0.5|0.2|0.5|0.2
s2_000072,safe,0.5|0.5|0.5|0.5|0.5|0.5|0.5
s2_000073,safe,0.5
s2_000074,safe,0.5|0.5|0.5|0.5|0.5|1.0
s2_000075,safe,0.5
s2_000076,safe,1.0
s2_000077,safe,1.0
s2_000078,safe,0.2|0.5
s2_000079,safe,0.5
s2_000080,safe,1.0
s2_000081,safe,1.0
s2_000082,safe,1.0
s2_000083,safe,0.5|0.5|0.8|0.5
s2_000084,safe,1.0
s2_000085,safe,0.5|0.5|0.5|0.5|0.5
s2_000086,safe,0.8|0.2|0.2|0.2|0.2
s2_000087,safe,1.0
s2_000088,safe,0.5|0.5|0.5|0.5|0.5
s2_000089,safe,0.2|0.5|0.5|0.8|0.8|0.5
s2_000090,safe,0.5|0.5|0.5|0.5|0.5
s2_000091,safe,0.2|0.8|0.5|1.0
s2_000092,safe,0.5
s2_000093,safe,0.5|0.5|0.5
s2_000094,safe,1.0
s2_000095,safe,1.0
s2_000096,safe,0.2|0.5|0.5|0.5|0.5
s2_000097,safe,0.5|0.5|0.5|0.5
s2_000098,safe,1.0
s2_000099,safe,0.5
s2_000100,safe,0.5|0.5|0.5|0.5|0.5
s2_000101,safe,1.0
s2_000102,safe,1.0
s2_000103,safe,1.0
s2_000104,safe,1.0
s2_000105,safe,1.0
s2_000106,safe,0.5|0.5|0.5|0.5|0.5
s2_000107,safe,1.0
s2_000108,safe,0.8|0.2|0.5|0.2|1.0
s2_000109,safe,0.5|0.5|0.5|0.8|0.5|0.8
s2_000110,safe,0.5|0.5|0.5
s2_000111,safe,0.5|0.5|0.5|0.5|0.5|0.8
s2_000112,safe,1.0
s2_000113,safe,0.5|0.5|0.5
s2_000114,safe,0.5|0.5|0.2|0.2
s2_000115,safe,0.5|0.8|0.8|0.8|0.5
s2_000116,safe,0.8|0.8|0.8
s2_000117,safe,0.5
s2_000118,safe,0.5|0.2|0.5|0.8
s2_000119,safe,0.8|0.2|0.2|0.5
s2_000120,safe,0.5|0.5|0.5|0.5|0.5
s2_000121,safe,1.0
s2_000122,safe,1.0
s2_000123,safe,1.0
s2_000124,safe,1.0
s2_000125,safe,1.0
s2_000126,safe,1.0
s2_000127,safe,0.8
s2_000128,safe,1.0
s2_000129,safe,0.5|0.8|0.5|0.8|0.5
s2_000130,safe,0.5|0.5|0.5
s2_000131,safe,0.5|0.8|0.5|0.2|0.8
s2_000132,safe,0.5|0.2|0.5
s2_000133,safe,1.0
s2_000134,safe,0.5|0.5|0.5|0.5|0.5
s2_000135,safe,0.5|0.8|0.5|0.8
s2_000136,safe,0.5|0.5|0.5|0.5|0.5|0.5|0.5|0.5|0.5
s2_000137,safe,0.5|0.5|0.5|0.5|0.5
s2_000138,safe,0.5
s2_000139,safe,0.5|0.5|0.2|0.5|0.2|0.5
s2_000140,safe,1.0
s2_000141,safe,1.0
s2_000142,safe,1.0
s2_000143,safe,0.8|0.2
s2_000144,safe,0.5|0.5|0.5|0.5
s2_000145,safe,0.5
s2_000146,safe,0.5|0.2|0.5
s2_000147,safe,0.2|0.5|0.5|0.5|0.5
s2_000148,safe,0.5|0.5|0.2|0.5|0.2
s2_000149,safe,0.5
s2_000150,safe,0.5
s2_000151,safe,0.5|0.5|0.5|0.5|0.5|0.5
s2_000152,safe,0.5|0.8|0.5
s2_000153,safe,0.5|0.5
s2_000154,safe,1.0
s2_000155,safe,0.5|1.0|0.5|0.5|0.5|0.5|0.5
s2_000156,safe,0.2
s2_000157,safe,0.2|0.2|0.8|0.5|0.5
s2_000158,safe,1.0
s2_000159,safe,0.5
s2_000160,safe,0.5|0.5
s2_000161,safe,0.5|0.5|0.8|0.8
s2_000162,safe,0.5
s2_000163,safe,0.5|0.5|0.5
s2_000164,safe,0.5|0.5|0.2|0.2
s2_000165,safe,1.0
s2_000166,safe,0.5|0.5|0.5|0.5|0.5
s2_000167,safe,1.0
s2_000168,safe,0.5
s2_000169,safe,0.5|0.8|0.5|0.8|0.8
s2_000170,safe,1.0
s2_000171,safe,0.2|0.5|0.5|0.5|0.2
s2_000172,safe,0.5|0.5|0.2|0.5
s2_000173,safe,0.5|0.5|0.5|0.2
s2_000174,safe,0.8|0.8|0.2
s2_000175,safe,0.5|0.5|0.5|0.5|0.5|0.5|0.5|0.5
s2_000176,safe,0.5|1.0|0.5|0.5|0.5|0.5|0.5|0.5
s2_000177,safe,0.5|0.5|0.5|0.5
s2_000178,safe,1.0
s2_000179,safe,0.5|0.5|0.8|0.5
s2_000180,safe,0.2|0.2|0.8|0.2|0.8
s2_000181,safe,0.5|0.8|0.5|0.5|0.5
s2_000182,safe,0.2|0.5|0.5|0.8|0.8
s2_000183,safe,0.2|0.2
s2_000184,safe,0.2|0.5|0.5|0.5|0.5
s2_000185,safe,0.5|0.5|0.8|0.2|0.8|0.5
s2_000186,safe,0.8|0.5|0.5|0.5
s2_000187,safe,0.5|0.5|0.5|0.5|0.5
s2_000188,safe,1.0
s2_000189,safe,1.0
s2_000190,safe,1.0
s2_000191,safe,0.5|0.5|0.5|0.5|0.5|0.5|0.5
s2_000192,safe,1.0
s2_000193,safe,0.5|0.5
s2_000194,safe,0.5|0.5|0.5|0.5
s2_000195,safe,1.0|0.2
s2_000196,safe,1.0
s2_000197,safe,0.5|0.5|0.5|0.5
s2_000198,safe,1.0
s2_000199,safe,0.5|0.2|0.2
s2_000200,safe,0.2|0.2|0.5|0.8
s2_000201,safe,0.2|0.5|0.5|0.5|0.5|0.5
s2_000202,safe,0.5|0.5|0.5|0.8
s2_000203,safe,0.5|0.2|0.8|0.8|0.8
s2_000204,safe,1.0
s2_000205,safe,0.2|0.5|0.5|0.2|0.5
s2_000206,safe,0.5
s2_000207,safe,1.0
s2_000208,safe,0.5|0.5|0.5|0.5|0.5
s2_000209,safe,0.5|0.5|0.8|0.5|0.8
s2_000210,safe,0.5|0.5|0.5|0.5|0.5
s2_000211,safe,0.2|0.2|0.2|0.2|1.0
s2_000212,safe,0.5|0.5|0.5|0.5
s2_000213,safe,1.0
s2_000214,safe,0.8|0.5|0.5|0.8
s2_000215,safe,1.0
s2_000216,safe,1.0
s2_000217,safe,1.0
s2_000218,safe,0.2|0.8|0.2|0.8
s2_000219,safe,1.0
s2_000220,safe,1.0
s2_000221,safe,0.5|0.5|0.5|0.5|0.5
s2_000222,safe,0.5|0.5|0.5|0.5|0.5|0.5
s2_000223,safe,0.5|0.5|0.5|0.8
s2_000224,safe,0.8|0.5|0.5|0.5
s2_000225,safe,1.0
s2_000226,safe,1.0|0.5|0.5
s2_000227,safe,0.8|0.5|0.5|0.2|0.2|0.2
s2_000228,safe,0.5|0.5|0.2|0.5
s2_000229,safe,1.0
s2_000230,safe,0.5|0.2|0.8|0.8
s2_000231,safe,0.5|0.5|0.5|0.5
s2_000232,safe,0.5|0.8|0.8|0.8
s2_000233,safe,1.0
s2_000234,safe,1.0
s2_000235,safe,0.2|0.5|0.5
s2_000236,safe,0.5
s2_000237,safe,0.5|0.5
s2_000238,safe,0.5|0.5|0.5
s2_000239,safe,0.5|0.5|0.2|0.5|0.2
s2_000240,safe,0.5|0.2|0.5|0.2|0.5
s2_000241,safe,0.8|0.2|0.5
s2_000242,safe,0.5|0.5|0.5|0.5|0.5
s2_000243,safe,0.5|0.8|0.5|0.8|0.2|0.5|0.5
s2_000244,safe,1.0
s2_000245,safe,0.5|0.5|0.5|0.5|0.5
s2_000246,safe,0.5|0.2|0.2|0.5|0.2|0.2
s2_000247,safe,0.5|0.5|0.5|0.5
s2_000248,safe,0.5|0.5|0.5|0.8|0.5
s2_000249,safe,0.5|0.5|0.5|0.5|0.5|0.5|0.5|0.5|0.5
s2_000250,safe,1.0
s2_000251,safe,1.0
s2_000252,safe,0.5|0.5|0.5|0.5|0.5|0.5
s2_000253,safe,0.8|0.5|0.5|0.8
s2_000254,safe,0.5|0.5|0.5
s2_000255,safe,0.5|0.5|0.5|0.5
s2_000256,safe,0.5|0.5|0.5|0.2
s2_000257,safe,0.8|0.8|0.5|0.8
s2_000258,safe,0.5|0.5|0.5|0.5|0.5|0.5
s2_000259,safe,1.0
s2_000260,safe,1.0
s2_000261,safe,0.2|0.2|0.8|0.2|0.2
s2_000262,safe,0.5
s2_000263,safe,1.0|0.8|0.5
s2_000264,safe,0.5|0.5
s2_000265,safe,0.8|0.5|0.2|0.5
s2_000266,safe,0.5|0.8|0.5|0.5
s2_000267,safe,0.5|0.2|0.2
s2_000268,safe,0.5|0.2|0.5
s2_000269,safe,1.0
s2_000270,safe,0.5|0.5|0.5|0.5|0.5
s2_000271,safe,0.5|0.5|0.5|0.5|0.5
s2_000272,safe,0.5|0.8|0.5|0.8
s2_000273,safe,0.5|0.5|0.8
s2_000274,safe,0.5|0.5|0.5|0.5
s2_000275,safe,0.2|0.5|0.5|0.5|0.8
s2_000276,safe,1.0|0.5|0.5
s2_000277,safe,0.8|0.5|0.5|0.5
s2_000278,safe,0.5|0.5|0.5|0.8|0.8
s2_000279,safe,0.5|0.5|0.5|0.5
s2_000280,safe,1.0
s2_000281,safe,0.2|0.2
s2_000282,safe,1.0
s2_000283,safe,0.5|0.5|0.2|0.5|0.2
s2_000284,safe,0.5|0.5
s2_000285,safe,0.5
s2_000286,safe,1.0
s2_000287,safe,0.2|0.5|0.5|0.5|0.5
s2_000288,safe,1.0
s2_000289,safe,1.0
s2_000290,safe,1.0|0.5
s2_000291,safe,0.5
s2_000292,safe,0.2|0.2
s2_000293,safe,1.0
s2_000294,safe,0.5|0.5|0.5|0.2|0.5|0.2
s2_000295,safe,1.0
s2_000296,safe,0.5|0.2|0.5
s2_000297,safe,0.5|0.5|0.8|0.8
s2_000298,safe,1.0
s2_000299,safe,0.2|0.5|0.5|0.8|0.5
s2_000300,safe,1.0
s2_000301,safe,0.5|0.5|0.5|0.5|0.5
s2_000302,safe,0.8|0.2|0.2
s2_000303,safe,0.2|0.5|0.5|0.8
s2_000304,safe,0.2|0.8|0.2|0.2
s2_000305,safe,0.5|0.2|0.5|1.0|0.5|0.8|0.5
s2_000306,safe,0.2|0.8|0.2|0.2|0.2
s2_000307,safe,0.5|0.2|0.5|0.5
s2_000308,safe,0.5|0.5|0.5|0.8
s2_000309,safe,0.5|0.5|0.5|0.5|0.5
s2_000310,safe,0.5|0.5|0.5|0.5|0.5
s2_000311,safe,0.5|0.2
s2_000312,safe,0.5|0.5|0.8|0.5|0.5|0.5
s2_000313,safe,0.5|0.5|0.5|0.8|0.5
s2_000314,safe,1.0
s2_000315,safe,0.5|0.5|0.8|0.8|0.8
s2_000316,safe,0.5|0.8|0.5|0.8|0.5|0.5|0.8
s2_000317,safe,0.5|0.5|0.5|0.8|0.2|0.5|0.5|1.0
s2_000318,safe,0.8|0.5|0.8|0.5|0.8
s2_000319,safe,0.5|0.5|0.5|0.5|0.5
s2_000320,safe,1.0
s2_000321,unsafe,0.5|0.2|0.5|0.2|0.5|0.5|0.2
s2_000322,safe,0.5|0.5|0.5|0.5
s2_000323,safe,0.5|0.5|0.5|0.2|0.2|0.5
s2_000324,safe,0.5|0.5|0.5|0.5
s2_000325,safe,1.0
s2_000326,safe,0.5|0.5|0.5
s2_000327,safe,0.5|0.5|0.5|0.5|0.5
s2_000328,safe,1.0
s2_000329,safe,1.0
s2_000330,safe,0.2|0.5|0.5|0.5
s2_000331,safe,0.2|0.5|0.5|0.5|0.8|0.2
s2_000332,safe,0.2|0.2|0.2|0.2|0.2
s2_000333,safe,1.0
s2_000334,safe,1.0
s2_000335,unsafe,0.5|0.2|0.5
s2_000336,safe,0.5|0.5|0.5|0.5
s2_000337,safe,0.5|0.2
s2_000338,safe,0.5|0.5|0.5|0.5
s2_000339,safe,0.8|0.5|0.5
s2_000340,safe,0.5
s2_000341,safe,0.2|0.2|0.8
s2_000342,safe,0.5|0.5
s2_000343,safe,1.0
s2_000344,safe,0.5|0.5
s2_000345,safe,0.5|0.5|0.8|0.8
s2_000346,safe,1.0
s2_000347,unsafe,0.2|0.5|0.5
s2_000348,unsafe,0.2|0.5|0.5|0.5|0.2|0.5
s2_000349,safe,0.2|0.8|0.5|0.5
s2_000350,safe,1.0
s2_000351,safe,0.8|1.0|0.5
s2_000352,safe,0.5|0.8|0.5|0.5
s2_000353,safe,0.5|0.2|0.5|1.0
s2_000354,safe,1.0
s2_000355,safe,1.0|0.5|0.5
s2_000356,safe,0.5|0.8|0.5|0.8|0.5
s2_000357,safe,0.5|0.5|0.5|0.5|0.5
s2_000358,safe,0.2|0.5|0.8|0.8
s2_000359,safe,0.5|0.5
s2_000360,safe,0.8|0.5|1.0
s2_000361,safe,0.5|0.8|0.5|0.8|0.5
s2_000362,safe,0.5|0.5|0.2|0.5
s2_000363,safe,0.5|0.5|0.2
s2_000364,safe,1.0
s2_000365,safe,1.0
s2_000366,safe,0.5|0.2|0.5|0.5|0.5|0.5
s2_000367,safe,0.2
s2_000368,safe,0.5|0.5|0.5|0.5|0.5|0.5
s2_000369,safe,0.5|0.2|0.5|0.5|0.5
s2_000370,safe,0.5|0.5|0.2|0.5
s2_000371,safe,1.0
s2_000372,safe,0.8|0.5
s2_000373,safe,0.5|0.5|0.5|0.5
s2_000374,safe,1.0
s2_000375,safe,0.2|0.2|0.5|0.5|0.5
s2_000376,safe,0.5|0.5|0.5|0.5
s2_000377,safe,0.5
s2_000378,safe,0.2|0.2|0.5|0.5|0.8
s2_000379,safe,0.2|0.5|0.5|0.5
s2_000380,safe,1.0
s2_000381,safe,0.5|0.5|0.5|0.5|0.5|0.5|0.5
s2_000382,safe,0.5|0.5|0.5
s2_000383,safe,0.5|0.5|0.5|0.5|0.5|0.5|0.5
s2_000384,safe,0.8|0.5|0.5|0.5|0.5|0.8
s2_000385,safe,0.5|0.5|0.5|0.5
s2_000386,safe,0.5|0.2|0.5|0.8|0.5
s2_000387,safe,1.0
s2_000388,safe,0.5
s2_000389,safe,0.5|0.5
s2_000390,safe,0.5|0.2|0.5|0.2
s2_000391,safe,1.0
s2_000392,safe,0.8|0.5|0.2|0.5|0.8
s2_000393,safe,1.0
s2_000394,safe,0.5|0.5|0.8|0.5|0.5
s2_000395,safe,0.8|0.2|0.5|0.5|0.8
s2_000396,safe,0.5|0.5|0.5|0.5|0.5|0.5
s2_000397,safe,0.5|0.5|0.5|0.5
s2_000398,safe,1.0
s2_000399,safe,0.8|0.5|0.5|0.5
s2_000400,safe,0.5|0.5|0.5
s2_000401,safe,0.5|0.5|0.5|0.8
s2_000402,safe,1.0
s2_000403,safe,0.5
s2_000404,safe,0.5|0.5|0.5|0.5
s2_000405,safe,0.5|0.5|1.0|0.5
s2_000406,safe,0.5|0.5|0.5|0.2|0.5|0.5|0.5
s2_000407,safe,0.5|0.8|0.5|0.5|0.5|0.5|0.8
s2_000408,safe,1.0
s2_000409,safe,0.5|0.8|0.5|0.8
s2_000410,safe,0.5|0.5|0.5|0.5|0.5|0.5
s2_000411,safe,0.5|0.5|0.5|0.5|0.5|0.5|0.5
s2_000412,safe,0.5|0.2|0.5|0.8|0.2
s2_000413,safe,1.0
s2_000414,safe,0.2|0.5|0.5|0.5|0.2
s2_000415,safe,0.5|1.0|0.5|0.5|0.5
s2_000416,safe,0.5|0.5|0.5|0.5|0.5
s2_000417,safe,1.0
s2_000418,safe,1.0
s2_000419,safe,0.5|0.2|0.8|0.5
s2_000420,safe,0.5|0.5|0.2|0.5|0.5|0.5
s2_000421,safe,0.5|0.2|0.2|0.2|0.2|0.2|0.5
s2_000422,safe,0.2|0.5|0.5
s2_000423,safe,0.5|0.5|0.8
s2_000424,safe,1.0
s2_000425,safe,1.0
s2_000426,safe,1.0
s2_000427,safe,0.5|0.2|0.5
s2_000428,safe,0.5|0.5|0.5|0.5|0.5
s2_000429,safe,0.5|0.5|0.5|0.5|0.5|0.5
s2_000430,safe,1.0
s2_000431,safe,1.0
s2_000432,safe,0.5
s2_000433,safe,0.5|0.2|0.5|0.8
s2_000434,safe,0.2|0.2|1.0|0.5|0.2|0.2|0.2
s2_000435,safe,1.0
s2_000436,safe,1.0
s2_000437,safe,0.5|0.8|0.2|0.5
s2_000438,safe,0.5|0.5|0.5|0.5|0.5
s2_000439,safe,1.0
s2_000440,safe,0.5|0.5|0.5
s2_000441,safe,1.0
s2_000442,safe,0.5|0.5|0.5|0.8|0.5|0.5|0.5
s2_000443,safe,0.5|0.5|0.5|0.5|0.5
s2_000444,safe,0.5|0.5|0.5|0.5
s2_000445,safe,1.0
s2_000446,safe,0.5|0.5|0.8
s2_000447,safe,0.8|0.5|0.5|0.2|0.5|0.5
s2_000448,safe,1.0
s2_000449,safe,0.2|0.2|0.5|0.2
s2_000450,safe,0.5|0.2|0.2|0.5|0.2
s2_000451,safe,0.5|0.5|0.5|0.5|0.5
s2_000452,safe,1.0
s2_000453,safe,0.5|0.5|0.5|0.8|0.5
s2_000454,safe,0.5|0.5|0.5|0.2|1.0
s2_000455,safe,0.5|0.2|0.5|0.8|0.2|0.5
s2_000456,safe,0.5|0.8|0.5|0.5
s2_000457,safe,0.5|0.5|0.5|0.8
s2_000458,safe,0.5|0.5|0.5
s2_000459,safe,0.8|0.5|0.8|0.8
s2_000460,safe,1.0
s2_000461,safe,0.5|0.5
s2_000462,safe,0.5|0.5|0.5|0.5|0.5
s2_000463,safe,1.0
s2_000464,safe,1.0
s2_000465,safe,1.0
s2_000466,safe,0.5|0.5|0.5|0.5
s2_000467,safe,0.5|0.5|0.5|0.5|0.5|0.5
s2_000468,safe,1.0
s2_000469,safe,0.5|0.5|0.5|0.8
s2_000470,safe,1.0
s2_000471,safe,1.0
s2_000472,safe,0.2|0.5|0.5|0.5
s2_000473,safe,0.5|0.8|0.5|0.8
s2_000474,safe,1.0
s2_000475,safe,1.0
s2_000476,safe,0.5|0.5|0.5|0.5|0.5
s2_000477,safe,1.0
s2_000478,safe,0.5|0.5|0.5|0.2|0.8
s2_000479,safe,0.2|0.5|0.5|0.2|1.0
s2_000480,safe,1.0
s2_000481,safe,0.5|0.8|0.5|0.8
s2_000482,safe,1.0
s2_000483,safe,0.5|0.5|0.5|0.5|0.2|0.5
s2_000484,safe,0.5|0.5|0.8|0.5
s2_000485,safe,0.5|0.5|0.5|0.2|0.5
s2_000486,safe,0.5|0.5|0.5|0.5|0.5
s2_000487,safe,1.0
s2_000488,safe,0.5|0.5|0.5|0.8
s2_000489,safe,0.5|0.5|0.2|0.5|0.2|0.5|0.5|0.2|0.5
s2_000490,safe,0.5|0.2|0.5|0.5|0.5
s2_000491,safe,0.8|0.5|0.8|0.5
s2_000492,safe,1.0
s2_000493,safe,1.0
s2_000494,safe,0.2|0.5|0.8|0.2
s2_000495,safe,1.0
s2_000496,safe,0.5|0.5|0.5|0.5|0.5|0.5|0.5|0.5
s2_000497,safe,0.5|0.5|0.5|0.5
s2_000498,safe,0.2|0.5|0.5|0.5|0.5|0.5
s2_000499,safe,0.5
s2_000500,safe,0.2|0.5|0.5|0.5|0.5
s2_000501,safe,0.5|0.2|0.5|0.2|0.5|0.5|0.5|0.5|1.0
s2_000502,safe,1.0
s2_000503,safe,0.2|0.5|0.5|0.5
s2_000504,safe,1.0
s2_000505,safe,0.5|0.2|0.2|0.5|0.5|0.2|0.2|0.8
s2_000506,safe,0.2|0.5|0.5|0.2|0.5
s2_000507,safe,0.5|0.5|0.5|0.5
s2_000508,safe,1.0
s2_000509,safe,0.5|0.5|0.5|0.5
s2_000510,safe,0.2|0.8|0.2|0.2
s2_000511,safe,0.5
s2_000512,safe,0.5
s2_000513,safe,1.0
s2_000514,safe,0.5|0.5
s2_000515,safe,1.0
s2_000516,safe,0.5|0.5|0.5|0.5
s2_000517,safe,1.0
s2_000518,safe,1.0|0.5|0.5
s2_000519,safe,1.0
s2_000520,safe,0.5|0.2|0.5|0.5
s2_000521,safe,0.5|0.5|0.5|0.5
s2_000522,safe,0.5|0.5|0.5|0.5|0.8
s2_000523,safe,1.0|0.5|0.2|0.5
s2_000524,safe,1.0
s2_000525,safe,0.5|0.5|0.5|0.5|0.5
s2_000526,safe,0.5|0.5
s2_000527,safe,0.5|0.5|0.5|0.2|0.5
s2_000528,safe,0.5|0.5|0.2
s2_000529,safe,0.5|0.5
s2_000530,safe,1.0
s2_000531,safe,0.5|0.5|0.8|0.5
s2_000532,safe,0.5|0.5|0.2|0.5|0.5|0.5|0.2
s2_000533,safe,0.5|0.5|0.2|0.5|0.5
s2_000534,safe,0.5
s2_000535,safe,0.5
s2_000536,safe,0.5
s2_000537,safe,0.8|0.8|0.2|0.5
s2_000538,safe,0.5|0.8|0.5|0.5
s2_000539,safe,0.5|0.5|0.5|0.5
s2_000540,safe,0.5|0.5|0.5|0.5|0.5|0.5|0.5
s2_000541,safe,1.0
s2_000542,safe,1.0
s2_000543,safe,0.5|0.5|0.5|0.5
s2_000544,safe,0.5|0.5|0.5|0.5|0.5
s2_000545,safe,0.5|0.5|0.5|0.5
s2_000546,safe,1.0
s2_000547,safe,0.8|0.8|0.5|0.8
s2_000548,safe,0.5|0.5|0.5|0.5|0.5
s2_000549,safe,0.5|0.5|0.5|0.5
s2_000550,safe,0.5|0.2
s2_000551,safe,1.0
s2_000552,safe,0.5|0.5|0.8|0.8|0.5
s2_000553,safe,0.5
s2_000554,safe,1.0
s2_000555,safe,0.5|0.5|0.5|0.5|0.5
s2_000556,safe,0.5|1.0|0.5|0.5
s2_000557,safe,0.2|0.5|0.5|0.8|0.5
s2_000558,safe,0.5|0.2|0.5|0.2
s2_000559,safe,0.5|0.5|0.5|0.5
s2_000560,safe,1.0
s2_000561,safe,1.0
s2_000562,safe,0.5|0.5|0.5|0.5|0.2|0.5|0.5
s2_000563,safe,0.2|0.2|0.5|0.2
s2_000564,safe,0.2|0.8|0.8|0.5
s2_000565,safe,1.0
s2_000566,safe,1.0
s2_000567,safe,0.5|0.5|0.2|0.2|0.2
s2_000568,safe,1.0
s2_000569,safe,0.5|0.5|0.2|0.2|0.5|0.5
s2_000570,safe,0.8|0.5|0.5|0.5|0.5
s2_000571,safe,0.5|0.2
s2_000572,safe,1.0|0.5|0.5|0.5
s2_000573,safe,0.5|0.8|0.5|0.8
s2_000574,safe,0.5|0.5|0.5|0.5|0.5|0.5
s2_000575,safe,0.5|0.5|0.5|0.5|0.8
s2_000576,safe,0.5|0.5|0.5|0.5
s2_000577,safe,0.5|0.2|0.2|0.2
s2_000578,unsafe,0.5
s2_000579,safe,1.0
s2_000580,safe,1.0|0.5|0.5|0.2|0.5
s2_000581,safe,0.5|0.2|0.8|0.2
s2_000582,safe,0.5|0.5|1.0|0.8
s2_000583,safe,1.0
s2_000584,safe,0.5
s2_000585,safe,0.5|0.5
s2_000586,safe,1.0
s2_000587,safe,0.5|0.8|0.5|0.5
s2_000588,safe,0.8|0.5|0.8|0.5
s2_000589,safe,0.2|0.2|0.2|0.2|0.8
s2_000590,safe,1.0
s2_000591,safe,0.8|0.5|0.8|0.2
s2_000592,safe,1.0
s2_000593,safe,0.2|0.2|0.5|1.0
s2_000594,safe,0.2|0.2|0.2|0.2|0.5|0.5|0.5
s2_000595,safe,1.0
s2_000596,safe,0.5|0.5|0.5
s2_000597,safe,1.0
s2_000598,safe,1.0
s2_000599,safe,0.5|0.5|0.8|0.5
s2_000600,safe,0.2|0.5|0.8|0.8
s2_000601,safe,0.5|0.5|0.5|0.5
s2_000602,safe,0.2|0.2|0.5|0.2|0.2
s2_000603,safe,0.5|0.2|0.5|0.5|0.5|0.5
s2_000604,safe,0.5|0.5|0.5|0.5|0.8
s2_000605,safe,0.5|0.8|0.8
s2_000606,safe,1.0
s2_000607,safe,0.5|0.5|0.2|0.8|0.8
s2_000608,safe,1.0
s2_000609,safe,0.5|0.5|0.5|0.5
s2_000610,safe,0.5|0.5|0.5|0.8|0.5|0.8
s2_000611,safe,0.5
s2_000612,safe,1.0
s2_000613,safe,0.5|0.5|0.5|0.2|1.0
s2_000614,safe,0.5|0.5|0.5|0.5|0.5|0.8|0.5|0.5|0.5
s2_000615,safe,0.2|0.5|0.5|0.5|0.2
s2_000616,safe,0.2|0.2|0.2|0.5|0.5
s2_000617,safe,1.0
s2_000618,safe,0.5|0.5|0.5
s2_000619,safe,0.5|0.5|0.5|0.5
s2_000620,safe,0.8|0.8|0.8|0.5
s2_000621,safe,0.5|0.5|0.5|0.5
s2_000622,safe,0.5|0.5|0.5|0.8|0.5
s2_000623,safe,1.0
s2_000624,unsafe,0.5|0.5|0.5|0.5
s2_000625,safe,0.5|0.8|0.2|0.8
s2_000626,safe,0.5|0.5|0.5
s2_000627,safe,0.2|0.2|0.5|0.5
s2_000628,safe,0.5|0.5
s2_000629,safe,0.5|0.5
s2_000630,safe,0.5|0.5|0.5
s2_000631,safe,0.5|0.5|0.5|0.5
s2_000632,safe,0.5|0.5|0.8|0.8|0.5
s2_000633,safe,0.8|0.5|0.8|0.8
s2_000634,safe,0.5|0.5|0.5|0.5|0.5
s2_000635,safe,1.0
s2_000636,safe,0.8|0.5|0.5|0.5|0.5|0.5
s2_000637,safe,0.5|0.5|0.8|0.8
s2_000638,safe,0.5|0.8|0.5
s2_000639,safe,0.5|0.5|0.5|0.5
s2_000640,safe,0.2|0.5|0.5|0.5
s2_000641,safe,0.5|0.2|0.5
s2_000642,safe,0.2|0.5|0.5|0.8
s2_000643,safe,0.5
s2_000644,unsafe,0.5|0.5|0.2|0.5|0.5
s2_000645,safe,0.8|0.5
s2_000646,safe,0.5|0.5|0.5|0.8|0.5|0.5
s2_000647,safe,1.0
s2_000648,safe,0.5|0.5|0.5|0.8|1.0
s2_000649,safe,0.8|0.5|0.5
s2_000650,safe,0.5|0.5|0.8|0.5|0.8|0.8
s2_000651,safe,0.5|0.5|0.2|0.5
s2_000652,safe,0.5|0.5
s2_000653,safe,0.5|0.5|0.5|0.5|0.5|0.5
s2_000654,safe,0.5|0.5|0.5|0.5|0.5|0.5|0.2
s2_000655,safe,0.5|0.5|0.5|0.5
s2_000656,safe,0.8|0.5|0.5|0.5|0.2|0.2|0.5
s2_000657,safe,0.5|0.2|0.2|0.5|0.5
s2_000658,safe,1.0
s2_000659,safe,0.5|0.5|0.5
s2_000660,safe,1.0|0.5|0.5|0.5|0.5
s2_000661,safe,0.5|0.5|0.2|0.2
s2_000662,safe,0.5|0.5|0.5
s2_000663,safe,0.5|0.5|0.5|0.5|0.5|0.5
s2_000664,safe,0.5|0.5|0.5|0.8|0.5
s2_000665,safe,1.0
s2_000666,safe,0.5|0.5|0.5|0.5|0.5|0.5
s2_000667,safe,0.5|0.2|0.5|0.5|0.2|0.5|0.2|1.0
s2_000668,safe,1.0
s2_000669,safe,1.0
s2_000670,safe,1.0|0.5
s2_000671,safe,0.5|0.5|0.2|0.5|0.2
s2_000672,safe,0.2|0.5|0.5|1.0|0.5|0.5
s2_000673,safe,0.5|0.8|0.5|0.5|0.5
s2_000674,safe,1.0
s2_000675,safe,1.0
s2_000676,safe,0.5|0.5|0.5|1.0
s2_000677,safe,0.8|0.5|0.5|0.8
s2_000678,safe,0.5|1.0|0.2|0.5|0.2
s2_000679,safe,1.0
s2_000680,safe,0.5|0.5|0.2|0.5
s2_000681,safe,0.5
s2_000682,safe,1.0
s2_000683,safe,0.2|0.2|0.5|1.0
s2_000684,safe,0.5|0.2|0.5|0.5|0.5
s2_000685,safe,1.0
s2_000686,safe,1.0
s2_000687,safe,0.2|0.5|0.2
s2_000688,safe,0.5|0.5|0.8|0.2
s2_000689,safe,0.5|0.5|0.5|0.5|0.5
s2_000690,safe,0.5|0.5|0.5|0.8
s2_000691,safe,0.5|0.5|0.5|0.8
s2_000692,safe,0.5|0.5|0.5
s2_000693,safe,0.5|0.5|0.5|0.5|0.5|0.8
s2_000694,safe,0.5|0.5|0.5|0.5
s2_000695,safe,0.5|0.5|0.2|0.5
s2_000696,safe,1.0
s2_000697,safe,0.5|0.5|0.2|0.2
s2_000698,safe,0.5|0.5|0.5|0.5
s2_000699,safe,0.8|0.8|0.2|1.0
s2_000700,safe,0.5|0.5
s2_000701,safe,0.5|0.5|0.5|0.5|0.8
s2_000702,safe,0.2|0.2|0.5|0.5|0.2|0.5|0.5
s2_000703,safe,0.2
s2_000704,safe,1.0
s2_000705,safe,0.5|0.5
s2_000706,safe,0.5|0.5|0.5|0.5
s2_000707,safe,0.5|0.5|0.5|0.5|0.5
s2_000708,safe,0.5|0.5|0.5|0.5|0.5
s2_000709,safe,0.5|0.5|0.5|0.5
s2_000710,safe,0.5|0.5|0.5
s2_000711,safe,0.5|0.5|0.5|0.5|0.5
s2_000712,safe,0.5|0.5|0.5|0.5|0.2
s2_000713,safe,1.0
s2_000714,safe,1.0|0.5
s2_000715,safe,0.5|0.8|0.8|0.8
s2_000716,safe,0.5|0.5|0.5|0.5|0.5|0.5
s2_000717,safe,0.5|0.5
s2_000718,safe,0.5|0.2|0.2|0.5|0.5|0.2
s2_000719,safe,0.5|0.5|0.5
s2_000720,safe,0.5|0.5|0.5|0.2|0.5
s2_000721,safe,0.5|0.5|0.5|0.5|0.5
s2_000722,safe,0.5|0.5|0.5
s2_000723,safe,0.5
s2_000724,safe,1.0
s2_000725,safe,1.0
s2_000726,safe,0.5|0.2|0.5
s2_000727,safe,0.5|0.5|0.5|0.5|0.5
s2_000728,safe,1.0
s2_000729,safe,1.0|0.5|0.8|0.8
s2_000730,safe,0.5|0.5|0.5|0.5
s2_000731,safe,1.0
s2_000732,safe,0.5|0.5|0.5|0.5|0.5
s2_000733,safe,0.5|0.8|0.5|0.5
s2_000734,safe,1.0
s2_000735,safe,0.5|0.2|0.2
s2_000736,safe,1.0
s2_000737,safe,0.5|0.5|0.5|0.5
s2_000738,safe,0.5|0.5|0.5|0.8|0.5|0.5
s2_000739,safe,0.2|0.2|0.5|0.2|0.5
s2_000740,safe,0.5|0.8|0.5|0.2|0.5
s2_000741,safe,0.5|0.5|0.5|0.5
s2_000742,safe,0.5|0.5|0.5|0.5
s2_000743,safe,0.8|0.2|0.5|0.5
s2_000744,safe,0.5|0.8|0.5|0.5|0.5
s2_000745,safe,0.5|0.5|0.5|0.5|0.5
s2_000746,unsafe,0.2
s2_000747,safe,1.0
s2_000748,safe,1.0
s2_000749,safe,0.5|0.2|0.5|0.5|0.2
s2_000750,safe,0.5|0.8|0.5|0.5
s2_000751,safe,1.0
s2_000752,safe,0.5|0.5|0.5|0.5
s2_000753,safe,0.5|0.5|0.5|0.5
s2_000754,safe,1.0
s2_000755,safe,0.5
s2_000756,safe,0.5|0.5|0.5|0.5
s2_000757,safe,1.0|0.5
s2_000758,safe,1.0
s2_000759,safe,0.2|0.2|0.5|0.2|0.5
s2_000760,safe,1.0
s2_000761,safe,0.5|0.5|0.5|0.8
s2_000762,safe,0.8|0.5|0.5|0.5|0.2
s2_000763,safe,0.5|0.5|1.0|0.5
s2_000764,safe,0.5
s2_000765,safe,1.0
s2_000766,safe,1.0
s2_000767,safe,0.2|0.5|0.5|0.2
s2_000768,safe,1.0
s2_000769,safe,1.0
s2_000770,safe,0.5|0.5|0.5|0.5|0.5|0.5
s2_000771,safe,0.5|0.5|0.5
s2_000772,safe,1.0
s2_000773,safe,0.5|0.5|0.5|0.2
s2_000774,safe,0.5|0.2|0.2|0.5|0.2|0.5|0.5
s2_000775,safe,1.0
s2_000776,safe,0.5|0.2|0.5|0.8
s2_000777,safe,0.8|0.5|0.2|0.5
s2_000778,unsafe,0.5|0.5|0.2|0.2|0.5
s2_000779,safe,0.8|0.8|0.5|0.5
s2_000780,safe,0.5|0.5
s2_000781,safe,0.5|0.2|0.2|0.2
s2_000782,safe,0.2|0.8|0.5|1.0
s2_000783,safe,1.0
s2_000784,safe,0.5|0.5|0.5|0.5|0.5|0.5|0.5|0.5|1.0
s2_000785,safe,0.5|0.2|1.0
s2_000786,unsafe,0.5|0.5|0.5
s2_000787,safe,0.5|0.5|0.5|0.5|0.2
s2_000788,safe,0.2|0.2|0.2|0.5|0.5|0.5
s2_000789,safe,0.5|0.5|0.5|0.5|0.5
s2_000790,safe,0.5|0.5|0.5|0.5|0.5|0.5
s2_000791,safe,0.5|0.5|0.5|0.5|0.5
s2_000792,safe,0.5|0.5|0.5|0.5
s2_000793,safe,0.5|0.5|0.5|0.5|0.2|0.5|1.0
s2_000794,safe,0.5|0.2|0.2
s2_000795,safe,0.2|0.8|0.8|0.5
s2_000796,safe,0.2|0.5|0.2|0.5
s2_000797,safe,1.0
s2_000798,safe,0.2|0.8|0.5|0.8|0.5|0.5
s2_000799,safe,1.0
s2_000800,safe,1.0
s2_000801,safe,0.5|0.5|0.5|0.5|0.5|0.5
s2_000802,safe,1.0
s2_000803,safe,1.0
s2_000804,safe,0.5|0.5|0.5|0.8|0.5
s2_000805,safe,0.5|0.5|0.5|0.2|0.5
s2_000806,safe,1.0
s2_000807,safe,0.5|0.5|0.5|0.8|0.2
s2_000808,safe,0.5|0.5|0.5|0.5
s2_000809,safe,0.5|0.5|0.2|0.5|0.2|0.5
s2_000810,safe,0.2|0.5|0.5|0.5
s2_000811,safe,0.5
s2_000812,safe,0.2|0.5|0.5|0.8
s2_000813,safe,0.5|0.5|0.5|0.5
s2_000814,safe,1.0
s2_000815,safe,1.0
s2_000816,safe,1.0
s2_000817,safe,0.5|0.5|0.5|0.5|0.5|0.5|0.5
s2_000818,safe,0.5|0.5|0.5|0.2|0.5
s2_000819,safe,1.0
s2_000820,safe,1.0
s2_000821,safe,0.5|0.5|1.0|1.0|1.0|1.0
s2_000822,safe,0.5|0.5|0.5|0.5
s2_000823,safe,1.0
s2_000824,safe,0.5|0.5|0.5|0.5
s2_000825,safe,0.5
s2_000826,safe,0.5|0.5|0.8|0.2|0.5
s2_000827,safe,1.0
s2_000828,safe,0.5|0.8|0.5|0.5
s2_000829,safe,0.2
s2_000830,safe,0.5|0.5|0.5|0.5
s2_000831,safe,0.5|0.2|0.2|0.5
s2_000832,unsafe,0.2|0.5|0.5|0.5|0.5
s2_000833,safe,1.0
s2_000834,safe,0.5
s2_000835,safe,0.5|0.5|0.5|0.5|0.5|0.5
s2_000836,safe,0.5|0.5|0.5
s2_000837,safe,0.5|0.5|0.5|0.5|0.5
s2_000838,safe,0.5|0.5|0.2
s2_000839,safe,0.5|0.5|0.5|0.5|0.2
s2_000840,safe,0.5|0.5|0.5|0.2|0.5
s2_000841,safe,0.5|0.5
s2_000842,safe,0.5|0.5|0.5|0.5|0.5|0.5
s2_000843,safe,0.8|0.5|0.5|0.5
s2_000844,safe,0.5|0.5
s2_000845,unsafe,0.8|0.5|0.5
s2_000846,safe,0.2|0.5|0.5|0.5|0.5|0.5
s2_000847,safe,0.5|0.5|0.2|0.5|0.2|0.5
s2_000848,safe,1.0
s2_000849,safe,1.0
s2_000850,safe,0.5|0.5|0.5|0.5|0.5
s2_000851,safe,0.8|0.5
s2_000852,safe,0.5
s2_000853,safe,0.5|0.5|0.5|0.5|0.5|0.2
s2_000854,unsafe,0.5|0.5|0.5
s2_000855,safe,0.5|0.5|0.5|0.5|0.5
s2_000856,safe,0.5|0.5|0.5|0.5
s2_000857,safe,0.5|0.5|0.5|0.5|0.5
s2_000858,safe,0.5|0.5|0.2|0.5
s2_000859,safe,1.0
s2_000860,safe,0.5|0.5|0.5|0.5|1.0
s2_000861,safe,1.0
s2_000862,safe,0.5|0.5|0.8|0.5|0.5|0.5
s2_000863,safe,0.5|0.5
s2_000864,safe,1.0
s2_000865,safe,0.2|0.5|0.5|0.5|0.5|0.5
s2_000866,safe,0.5
s2_000867,safe,0.2|0.8|0.5|1.0
s2_000868,safe,0.5|0.5|0.8|0.2|0.5|0.5|0.5
s2_000869,safe,0.2|0.2|0.5|0.8
s2_000870,safe,0.5|0.2|0.2|0.5|0.2|0.5|0.5
s2_000871,safe,0.5|0.5|0.5|0.5|0.5
s2_000872,safe,1.0
s2_000873,safe,1.0|0.5|0.2|0.5|0.5|0.2
s2_000874,safe,0.5|0.5|0.5|0.2|0.5
s2_000875,safe,0.2|0.5
s2_000876,safe,0.5|0.5|0.5|0.2
s2_000877,safe,1.0
s2_000878,safe,0.5|0.5|0.8|0.5
s2_000879,safe,0.5|0.5|0.8|0.5
s2_000880,safe,0.5|0.2|0.5|0.5
s2_000881,safe,1.0
s2_000882,safe,0.5|0.5|0.5|0.5
s2_000883,safe,0.5|0.2|0.5|0.2
s2_000884,safe,1.0
s2_000885,safe,0.5|0.5|0.5|0.5
s2_000886,safe,0.2|0.2|0.5|0.8|0.2
s2_000887,safe,0.5|0.5|0.2|0.5|0.2|0.5|0.5|0.2
s2_000888,safe,1.0
s2_000889,safe,0.5|0.5|0.5
s2_000890,safe,0.5|0.5|0.5|0.8|0.8|0.5
s2_000891,safe,0.5|0.5|0.5
s2_000892,safe,1.0
s2_000893,safe,0.5
s2_000894,safe,0.5|0.8|0.5|0.5|0.2
s2_000895,safe,0.2|0.5|0.5|0.2|1.0
s2_000896,safe,0.5|0.5|0.8|0.8|0.5
s2_000897,safe,1.0
s2_000898,safe,0.5|0.2|0.2|0.2
s2_000899,safe,0.5|0.2|0.5|0.5|0.5|0.5|0.5
s2_000900,safe,1.0
s2_000901,safe,0.5|0.5|0.5
s2_000902,safe,0.2|0.5|0.8|0.8
s2_000903,safe,0.5|0.5|0.5|0.8|0.5
s2_000904,safe,0.2|0.5|0.2|0.5
s2_000905,safe,0.8|0.5|0.5|0.5|0.5
s2_000906,safe,1.0
s2_000907,safe,0.8|0.8|0.5|0.8
s2_000908,safe,0.5|0.5|0.5|0.5|0.5
s2_000909,safe,1.0
s2_000910,safe,0.5|1.0|0.5
s2_000911,safe,0.5|0.5|0.5|0.5|0.5
s2_000912,safe,0.5|0.5|0.5|0.2
s2_000913,safe,0.8|0.5|0.8|0.8
s2_000914,safe,0.5|0.8|0.8|0.5
s2_000915,safe,0.8|0.8|0.5|0.5
s2_000916,safe,0.5|0.5|0.5|0.5
s2_000917,safe,1.0|0.5
s2_000918,safe,1.0
s2_000919,safe,0.5|0.5|0.5|0.5
s2_000920,safe,0.2
s2_000921,safe,0.5|0.5|0.5|0.5
s2_000922,safe,0.5|0.5|0.5|0.5|0.2|0.2|1.0
s2_000923,safe,0.5
s2_000924,safe,0.8|0.8|0.5
s2_000925,safe,1.0
s2_000926,safe,0.5|0.5|0.8|0.5|0.5
s2_000927,safe,0.5|0.8|0.5|0.5|0.5
s2_000928,safe,0.5|0.5|0.5|0.5|0.2|0.5
s2_000929,safe,0.5|0.8|0.5|0.5
s2_000930,safe,0.2|0.5|0.5|0.5|0.2|0.2|0.5|0.2|0.5|0.5
s2_000931,safe,1.0|0.5
s2_000932,safe,1.0
s2_000933,safe,1.0
s2_000934,safe,0.5|0.5|0.5|0.5|0.5
s2_000935,safe,1.0
s2_000936,safe,1.0
s2_000937,safe,0.5|0.2|0.5
s2_000938,safe,0.5|0.5|0.5|0.5
s2_000939,safe,0.5|0.5|0.5|0.5
s2_000940,safe,0.5|0.5|0.5|0.5|0.5
s2_000941,safe,0.5|0.5|0.5
s2_000942,safe,1.0
s2_000943,safe,0.5|0.5|0.5|0.5
s2_000944,safe,0.5|0.5|0.5|0.5|0.5|0.5|0.5
s2_000945,safe,1.0|0.5
s2_000946,safe,0.8|0.5|0.2|0.5|0.8
s2_000947,safe,1.0
s2_000948,safe,0.5|0.5|0.5|0.5
s2_000949,safe,0.5|0.8|0.5|0.5|0.5
s2_000950,safe,0.2|0.5|0.5|0.5|0.5|1.0
s2_000951,safe,1.0
s2_000952,safe,0.5|0.5|0.8|0.2|0.5
s2_000953,safe,0.5|1.0|0.5|0.8|0.5
s2_000954,safe,1.0
s2_000955,safe,0.5|0.5|0.8|0.8
s2_000956,safe,0.5|0.5|0.5
s2_000957,safe,0.5|0.5|0.5
s2_000958,safe,0.5|0.5|0.5|0.5
s2_000959,safe,0.2|0.5|0.2|0.5|0.5|0.5
s2_000960,safe,0.5|0.2|0.5|0.5|0.2
s2_000961,safe,0.5
s2_000962,safe,0.2|0.5|0.5|0.5
s2_000963,safe,0.5|0.5|0.5|0.5
s2_000964,safe,0.2|0.2|0.2|0.8
s2_000965,safe,0.5|0.5|0.5|0.5|0.5|0.8
s2_000966,safe,0.5|0.5|1.0|0.5
s2_000967,safe,1.0
s2_000968,safe,0.5|0.5|0.5|0.5
s2_000969,safe,1.0
s2_000970,safe,0.2|0.5|0.5|0.2
s2_000971,safe,0.2|0.5|0.2|0.5|0.5
s2_000972,safe,0.2|0.8
s2_000973,safe,1.0
s2_000974,safe,1.0|0.2
s2_000975,safe,0.5|0.5|0.5|0.5
s2_000976,safe,1.0|0.5
s2_000977,safe,0.2|0.8|0.2|0.5|0.2
s2_000978,safe,1.0
s2_000979,safe,0.5|0.8|0.5|0.8|0.8
s2_000980,safe,1.0
s2_000981,safe,0.5|0.5|0.5|0.5|0.8|0.5
s2_000982,safe,0.5|0.5|0.5
s2_000983,safe,1.0
s2_000984,safe,0.5|0.8|0.5|0.2|0.8
s2_000985,safe,0.2
s2_000986,safe,1.0
s2_000987,safe,0.5|0.5|0.5|0.5|0.5
s2_000988,safe,0.5|0.5|0.8|0.8|0.5
s2_000989,safe,1.0
s2_000990,safe,0.5|0.5|0.8
s2_000991,safe,0.5|0.5|0.5|0.5|0.8
s2_000992,safe,0.2|0.2|0.5|0.5|0.5|0.5
s2_000993,safe,1.0
s2_000994,safe,0.2|0.2|0.2|0.5
s2_000995,safe,0.5
s2_000996,safe,0.5|0.5|0.5|0.5
s2_000997,safe,0.5|0.5
s2_000998,safe,0.8|0.5|0.2|0.5|0.2|0.5|0.2|0.5
s2_000999,safe,1.0
s2_001000,safe,0.5|0.5|0.2|0.2
s2_001001,safe,0.8|0.8
s2_001002,safe,1.0
s2_001003,safe,0.5|0.8|0.5|0.5
s2_001004,unsafe,0.5|0.2|0.2
s2_001005,safe,0.5|0.5|0.5|0.5|0.5
s2_001006,safe,0.5|0.2|0.2|0.5
s2_001007,safe,0.5|0.5|0.2|0.2
s2_001008,safe,0.2|0.5|0.5|0.2|0.2
s2_001009,safe,0.5|0.5|0.5|0.5|0.5|0.5|0.5|0.5|0.5|0.5
s2_001010,safe,0.5|0.5
s2_001011,safe,0.5|0.5|0.5
s2_001012,safe,0.5
s2_001013,safe,1.0
s2_001014,safe,0.5|0.5|0.8|0.8
s2_001015,safe,0.2|0.5|0.5|0.2
s2_001016,safe,0.5|0.5|0.5|0.5|0.5|0.5|0.2
s2_001017,safe,0.2|0.5|0.8|0.5
s2_001018,safe,0.5|0.5|0.5|0.8
s2_001019,safe,0.8|0.5|0.5|0.5|0.5
s2_001020,safe,0.5|0.5|0.5|0.5
s2_001021,safe,0.2|0.5|0.5|0.5|0.5
s2_001022,safe,0.5|0.5|0.5|0.5
s2_001023,safe,0.5|0.5|0.5|0.5|0.5
s2_001024,safe,0.5|0.5|0.5|0.5|0.5
s2_001025,safe,1.0
s2_001026,safe,1.0
s2_001027,safe,0.5|0.5|0.5|0.5|0.5
s2_001028,safe,0.5|0.5|0.5|0.5|0.5
s2_001029,safe,1.0
s2_001030,safe,0.5|0.2|0.8|0.5|0.8
s2_001031,safe,1.0
s2_001032,safe,0.5|0.5|0.5|0.5
s2_001033,safe,1.0
s2_001034,safe,0.8|0.5|0.5|0.5|0.5|0.2
s2_001035,safe,0.5|0.5|0.5|0.5
s2_001036,safe,1.0
s2_001037,safe,0.5
s2_001038,safe,1.0
s2_001039,safe,0.5|0.5|0.5|0.5
s2_001040,safe,0.5|0.5|0.5|0.5
s2_001041,safe,1.0
s2_001042,safe,0.5
s2_001043,safe,0.5|0.5|0.2|0.5
s2_001044,safe,1.0
s2_001045,safe,0.5
s2_001046,safe,0.5|0.5|0.5|0.5
s2_001047,safe,0.5|0.5|0.5
s2_001048,safe,0.5|0.2|0.8|0.8|0.8|0.8
s2_001049,safe,0.5|0.5|0.5
s2_001050,safe,1.0
s2_001051,safe,0.5|0.5|0.5|0.5|0.5
s2_001052,safe,0.2
s2_001053,safe,0.5|0.5|0.5|0.8
s2_001054,safe,0.5|0.5|0.5|0.5|0.5|0.5
s2_001055,safe,0.5|0.5
s2_001056,safe,0.8|0.5|0.5|1.0
s2_001057,safe,0.2|0.5|1.0|1.0
s2_001058,safe,0.5|0.5|1.0|0.5
s2_001059,safe,0.5|0.5|0.2|0.5
s2_001060,safe,0.5|0.5|0.5|0.5|0.8
s2_001061,safe,1.0
s2_001062,safe,1.0
s2_001063,safe,0.5|0.5|0.5|0.5
s2_001064,safe,0.8|0.5|0.2|0.5|0.5
s2_001065,safe,1.0
s2_001066,safe,1.0
s2_001067,safe,1.0
s2_001068,safe,0.5
s2_001069,safe,0.5
s2_001070,safe,1.0
s2_001071,safe,1.0
s2_001072,safe,0.5|0.5|0.5
s2_001073,safe,0.5|0.5|0.5|0.5
s2_001074,safe,0.5|0.5|0.5
s2_001075,safe,0.5|0.2|0.5|0.5
s2_001076,safe,0.2|0.5|0.5|0.5|0.5
s2_001077,safe,1.0
s2_001078,safe,0.5|1.0|0.5|0.5
s2_001079,safe,1.0
s2_001080,safe,0.5|0.5|0.5|0.5
s2_001081,safe,0.5|0.5|0.8|0.5|0.2
s2_001082,safe,0.5|1.0|0.5|0.8|0.5
s2_001083,safe,0.5|0.5|0.8|0.8
s2_001084,safe,0.5|0.8|0.5|0.5
s2_001085,safe,0.5
s2_001086,safe,1.0
s2_001087,safe,1.0
s2_001088,safe,0.5|0.2|0.5|0.5
s2_001089,safe,1.0
s2_001090,safe,0.5|0.5|0.5|0.5
s2_001091,safe,0.5|0.5|0.5|0.5
s2_001092,safe,0.5|0.5|0.5|1.0|0.5
s2_001093,safe,0.5|0.5|0.5|0.5|0.5
s2_001094,safe,1.0
s2_001095,safe,1.0|0.5|0.5
s2_001096,unsafe,0.5|0.5|0.2|0.5|0.5
s2_001097,safe,0.8|0.5|0.5|0.5
s2_001098,safe,0.8|0.5|0.2|0.5|1.0
s2_001099,safe,0.2|0.5|0.5|0.5|0.8
s2_001100,safe,0.5|0.5|0.5|0.5|0.5
s2_001101,safe,0.5|0.2|0.5|0.5
s2_001102,safe,0.5|0.5|0.2
s2_001103,safe,0.5|0.5|0.5|0.5
s2_001104,safe,1.0
s2_001105,safe,0.5|0.2|0.2|0.2|0.2
s2_001106,unsafe,0.8|0.2|0.8|0.2|0.2
s2_001107,safe,1.0
s2_001108,safe,0.5|0.8
s2_001109,safe,1.0
s2_001110,safe,1.0
s2_001111,safe,0.2|0.5|0.5|0.2|0.5|0.5|0.5
s2_001112,safe,1.0
s2_001113,safe,0.5
s2_001114,safe,0.2|0.5|0.2|0.5|0.2
s2_001115,safe,0.8|0.5|0.5|0.5
s2_001116,safe,0.5|0.5|0.5|0.5|0.5
s2_001117,safe,0.5|0.8|0.5
s2_001118,safe,0.2|0.5|0.5|0.5
s2_001119,safe,1.0
s2_001120,safe,0.2|0.5|0.5|0.5|0.2
s2_001121,safe,1.0
s2_001122,safe,0.5|0.5|0.8|0.5|0.2|0.5|0.5
s2_001123,safe,0.2|0.5|0.2|0.2|0.2|0.2|0.5
s2_001124,safe,0.5|0.5|0.5|0.5
s2_001125,safe,1.0
s2_001126,safe,1.0
s2_001127,safe,0.5|0.5|0.5|0.5|0.5
s2_001128,safe,1.0
s2_001129,safe,0.2|0.2|0.5|0.2|0.5|0.5
s2_001130,safe,0.5|0.5|0.5|0.8|0.5
s2_001131,safe,0.5|0.5|0.5|0.5|0.5
s2_001132,safe,1.0
s2_001133,safe,1.0|1.0
s2_001134,safe,0.5|0.5|0.5|0.5|0.5|0.5
s2_001135,safe,0.5|0.5|0.5|0.5
s2_001136,safe,0.5|0.2
s2_001137,safe,0.2|0.5|1.0
s2_001138,safe,1.0
s2_001139,safe,1.0
s2_001140,safe,1.0
s2_001141,safe,0.2|0.2|0.5|0.2|0.5
s2_001142,safe,0.8|0.5|0.5|0.5
s2_001143,safe,0.5|0.8|0.5|0.5|0.5
s2_001144,safe,1.0
s2_001145,safe,0.5|0.5|0.5|0.5|0.5
s2_001146,safe,0.5|0.2
s2_001147,safe,0.5|0.5|0.5|0.5|0.5|0.5|0.5
s2_001148,safe,0.2|0.5|0.2|0.5
s2_001149,safe,0.5|0.5|0.5|0.5|0.5
s2_001150,safe,0.5|0.5|0.5|0.5|0.5
s2_001151,safe,1.0
s2_001152,unsafe,0.2|0.2|0.5|0.5
s2_001153,safe,0.2|0.5|0.2|0.5|0.2
s2_001154,safe,0.5|0.5|0.5|0.5
s2_001155,safe,1.0
s2_001156,safe,0.5|0.5
s2_001157,safe,0.2|0.5|0.5|0.5|0.5
s2_001158,safe,0.2|0.2|0.5|0.2|0.8
s2_001159,safe,0.5|1.0
s2_001160,safe,0.5
s2_001161,safe,0.5|0.5|0.2|0.5
s2_001162,safe,0.5|0.2|0.2|1.0
s2_001163,safe,0.8|0.8|0.8|0.2
s2_001164,safe,0.2|0.5
s2_001165,safe,0.5|0.5|0.5|0.2
s2_001166,safe,1.0
s2_001167,safe,1.0
s2_001168,safe,1.0
s2_001169,safe,1.0
s2_001170,safe,1.0
s2_001171,safe,0.2|0.5|0.8|0.5|0.5
s2_001172,safe,0.5|0.2|0.5|0.5
s2_001173,safe,0.5|0.5|0.8|0.2
s2_001174,safe,0.5|0.5|0.5
s2_001175,safe,0.8|0.8|1.0
s2_001176,safe,0.5|0.8|0.5|0.2
s2_001177,safe,1.0
s2_001178,safe,1.0
s2_001179,safe,0.5|0.5|0.5|0.5|0.5|0.5
s2_001180,safe,0.2|0.5|0.5|0.5|0.5|0.5|0.5|0.2
s2_001181,safe,1.0
s2_001182,safe,1.0
s2_001183,safe,0.2|0.2|0.2|0.2|0.2
s2_001184,safe,0.5|0.5
s2_001185,safe,0.5|0.2|0.2|0.5|0.5
s2_001186,safe,1.0
s2_001187,safe,0.5|0.5|0.5|0.5
s2_001188,safe,0.2|0.5
s2_001189,safe,1.0
s2_001190,safe,1.0
s2_001191,safe,0.8|0.5|0.5|0.5
s2_001192,safe,0.5|0.5|0.5|0.5|0.5
s2_001193,safe,1.0
s2_001194,safe,0.5|0.5|0.5|0.5
s2_001195,safe,0.5|0.5|0.2|0.5|0.5
s2_001196,safe,0.5|0.5|0.5|0.5|0.8
s2_001197,safe,1.0
s2_001198,safe,1.0
s2_001199,safe,1.0
s2_001200,safe,0.2|0.2
s2_001201,safe,0.8|0.5|0.5
s2_001202,safe,0.5|0.5|0.8|0.5
s2_001203,safe,1.0
s2_001204,safe,1.0
s2_001205,safe,0.5
s2_001206,safe,0.5
s2_001207,safe,0.5|0.5
s2_001208,safe,1.0
s2_001209,safe,0.8|0.5|0.8|0.8|0.5
s2_001210,safe,0.2
s2_001211,safe,0.5
s2_001212,safe,0.5|0.5|0.2|0.8
s2_001213,safe,1.0
s2_001214,safe,0.8|0.5|0.5|0.8
s2_001215,safe,0.5|0.5|0.5|0.5
s2_001216,safe,1.0
s2_001217,safe,1.0
s2_001218,safe,0.2|0.2|0.8|0.5
s2_001219,safe,0.5|0.5|0.5|0.5
s2_001220,safe,1.0
s2_001221,safe,0.5|0.5|0.2
s2_001222,safe,1.0
s2_001223,safe,1.0
s2_001224,safe,0.5|0.5|0.5|0.5
s2_001225,safe,0.5|0.5|0.8|0.5
s2_001226,safe,0.5|0.5|0.5|0.5|0.5
s2_001227,safe,0.5|0.5|0.5|0.5
s2_001228,safe,1.0
s2_001229,safe,0.5|0.5|0.5|0.5|0.5|0.5
s2_001230,safe,0.5|0.5|0.2|0.8|0.5
s2_001231,safe,0.8|0.5|0.8|0.8
s2_001232,safe,0.5|0.5|0.5|0.8|0.2
s2_001233,safe,0.5|0.5|0.5|0.5|0.5
s2_001234,safe,1.0
s2_001235,safe,1.0
s2_001236,safe,1.0
s2_001237,safe,0.5
s2_001238,safe,0.2|0.5|0.2|0.2|0.2|0.5|0.2
s2_001239,safe,0.5|0.5|0.5|0.5|0.5
s2_001240,safe,0.5|0.8|0.2|0.5
s2_001241,safe,0.2|0.5|0.5|0.8|0.5
s2_001242,safe,0.5|0.5|0.5|0.5|0.5
s2_001243,safe,0.5|0.5
s2_001244,safe,1.0
s2_001245,safe,1.0
s2_001246,safe,0.5|0.2|0.8|0.2|0.5|0.2|0.2
s2_001247,safe,0.5|0.5|0.5|0.5|0.5|0.5
s2_001248,safe,1.0
s2_001249,safe,1.0
s2_001250,safe,0.5|0.2|0.5|0.8
s2_001251,safe,0.2|0.5|0.2|0.5|0.2|0.5|0.5
s2_001252,safe,0.5|0.5|0.5|0.5|0.5
s2_001253,safe,0.5|0.5|0.2|0.5
s2_001254,safe,0.5|0.5|0.2|0.2|0.8|0.8
s2_001255,safe,0.5|0.5|0.5
s2_001256,safe,0.5|0.2|0.5
s2_001257,safe,0.5|0.5|0.5|0.5|0.5|0.5
s2_001258,safe,1.0
s2_001259,safe,0.2
s2_001260,safe,0.5|0.5|0.5|0.5
s2_001261,safe,1.0
s2_001262,safe,1.0
s2_001263,safe,0.5|0.5|0.5
s2_001264,safe,1.0
s2_001265,safe,1.0
s2_001266,safe,0.5|0.5|0.5|1.0
s2_001267,safe,0.5|0.5
s2_001268,safe,0.5|0.5|0.5|0.2|0.5
s2_001269,safe,0.5|0.5|0.2|0.2|0.5|0.2|0.5|0.2
s2_001270,safe,0.5
s2_001271,safe,0.5|0.5|0.8|0.8|0.8
s2_001272,safe,0.5|1.0|0.2|0.5|0.5
s2_001273,safe,0.5
s2_001274,safe,1.0
s2_001275,safe,1.0
s2_001276,safe,0.5|0.5|0.5|0.5|0.5
s2_001277,safe,0.2|0.5|0.5|0.8
s2_001278,safe,0.5|0.2|0.5|1.0
s2_001279,safe,0.2|0.5|0.5|0.5
s2_001280,safe,0.5|0.8|0.5|0.5
s2_001281,safe,1.0
s2_001282,safe,0.5|0.5|0.5
s2_001283,safe,1.0
s2_001284,safe,0.5
s2_001285,safe,0.5|0.8|0.2|0.2
s2_001286,safe,1.0
s2_001287,safe,0.5|0.5|0.5
s2_001288,safe,0.5|0.5|0.5|0.8
s2_001289,safe,0.5|0.5|0.5|0.5
s2_001290,safe,1.0
s2_001291,unsafe,0.2|0.5|0.5|0.2|0.5
s2_001292,safe,0.5|0.2|0.5|0.5|0.5|0.5
s2_001293,safe,1.0
s2_001294,safe,0.5|0.5|0.5|0.5
s2_001295,safe,0.5|0.5|0.5|0.5|0.5
s2_001296,safe,0.5|0.5|0.5|0.5|0.5
s2_001297,safe,0.5|0.5|0.8|0.5
s2_001298,safe,0.2|0.2|0.2|0.5|0.5
s2_001299,safe,0.5|0.5|0.5|0.5
s2_001300,safe,0.5
s2_001301,safe,1.0
s2_001302,safe,0.5|0.5|0.5|0.5|0.5
s2_001303,safe,0.5
s2_001304,safe,0.5|0.5|0.5
s2_001305,safe,1.0
s2_001306,safe,1.0
s2_001307,safe,0.5|0.2|0.2|0.2|0.2|0.5|0.5|1.0
s2_001308,safe,0.5|0.5|0.5|0.5
s2_001309,safe,0.5|0.5|0.5|0.5|0.5|0.5
s2_001310,safe,0.5|0.5|0.5|0.5|0.5
s2_001311,safe,0.5|0.5|0.2|0.5
s2_001312,safe,0.5|0.2|0.2
s2_001313,safe,1.0
s2_001314,safe,0.5|0.5|0.8|0.8|0.8
s2_001315,safe,0.5|0.5|0.5|0.5|0.5
s2_001316,safe,0.5
s2_001317,safe,0.5|0.5|0.5|0.5
s2_001318,safe,1.0
s2_001319,safe,0.5|1.0|0.5
s2_001320,safe,0.5|0.5|0.5|0.5
s2_001321,safe,1.0
s2_001322,safe,0.5|0.5|0.5|0.8
s2_001323,safe,0.5|0.5|0.5|0.5|0.5
s2_001324,safe,0.2|0.5|0.5|0.5|0.2|0.5|0.5
s2_001325,safe,0.5|0.5|0.5|0.5|0.5
s2_001326,safe,0.5
s2_001327,safe,0.5|0.5|0.5
s2_001328,safe,0.5|0.5|0.8|0.5|0.8|0.5
s2_001329,safe,1.0
s2_001330,safe,0.5|0.8|0.5|0.5|0.5
s2_001331,safe,0.5|0.8|0.2|0.5|0.5
s2_001332,safe,0.8|0.8|0.8|0.8|0.8|0.8
s2_001333,safe,0.8|0.5|0.5|0.5|0.5
s2_001334,safe,1.0
s2_001335,safe,1.0
s2_001336,safe,1.0
s2_001337,safe,0.5|0.5|0.2|0.2|0.5|0.5
s2_001338,safe,0.2|0.5|0.5|0.5|0.2
s2_001339,safe,0.5|0.5|0.5|0.5|0.5
s2_001340,safe,0.5|0.5
s2_001341,safe,1.0
s2_001342,safe,1.0
s2_001343,safe,0.5|0.5|0.8|0.8
s2_001344,safe,0.5|0.5|0.5|0.8
s2_001345,safe,0.8|0.2|0.2|0.2|0.8
s2_001346,safe,0.5|0.5|0.5|0.5|0.5|0.5
s2_001347,safe,1.0
s2_001348,safe,0.8|0.5|0.5|0.5
s2_001349,safe,0.5
s2_001350,safe,0.5|0.2|0.5|0.5|0.5
s2_001351,safe,0.5|0.5|0.5|0.5|0.5
s2_001352,safe,0.5
s2_001353,safe,0.5|0.5|0.5|0.5
s2_001354,safe,0.5|0.8|0.5|0.2|0.5
s2_001355,safe,0.2
s2_001356,safe,0.5|0.2|0.2|0.5|0.5
s2_001357,safe,0.5|0.5|0.5|0.5|0.5
s2_001358,safe,0.2|0.5|0.2|0.5|0.2|0.5
s2_001359,safe,0.5|0.5|0.5|0.8|0.5|0.5
s2_001360,safe,1.0
s2_001361,safe,0.5|0.2|0.5|0.5|0.5|0.5|0.2
s2_001362,safe,0.5|0.5|0.2|0.5|0.5|0.5
s2_001363,safe,0.5|0.2
s2_001364,safe,1.0
s2_001365,safe,0.5|0.5|0.5|0.5|0.5
s2_001366,safe,0.5|0.5|1.0|0.8
s2_001367,safe,0.5|0.8|0.2|0.5|0.5|0.5
s2_001368,safe,0.5|0.5|0.5|0.5|0.2|0.5|0.2
s2_001369,safe,0.5
s2_001370,safe,1.0
s2_001371,safe,0.5|0.2|0.5|0.2|0.5
s2_001372,safe,0.5|0.2|0.5|0.2|0.5|0.5|0.5|0.5
s2_001373,safe,1.0|0.5|0.5|0.5|0.5
s2_001374,safe,1.0
s2_001375,safe,1.0
s2_001376,safe,0.5|0.5|0.8|0.5|0.5|0.5
s2_001377,safe,0.2|0.5|0.2|0.5|0.8
s2_001378,safe,0.5|0.5|0.5|0.2|0.5
s2_001379,safe,0.5|0.8|0.5|0.8
s2_001380,safe,0.5|0.5|0.5|0.2
s2_001381,safe,0.5|0.5|0.5|0.5
s2_001382,safe,0.5|0.5|0.5|0.5
s2_001383,safe,0.5
s2_001384,safe,0.5|0.2|0.5|0.2
s2_001385,safe,0.5
s2_001386,safe,0.5|0.5|0.5|0.5
s2_001387,safe,0.5|0.5|0.5|0.2|0.2
s2_001388,safe,1.0
s2_001389,safe,1.0
s2_001390,safe,1.0|0.5
s2_001391,safe,1.0|0.2|0.5|0.5
s2_001392,safe,0.5|0.2|0.2|0.5|0.8
s2_001393,safe,0.5|0.5
s2_001394,safe,0.5|0.5
s2_001395,safe,0.5
s2_001396,safe,1.0
s2_001397,safe,0.5|0.5|0.5|0.5
s2_001398,safe,0.5|0.5|0.5|0.5|0.5|0.5
s2_001399,safe,0.5|1.0|0.5|0.5|0.5
s2_001400,safe,0.5|0.5|0.5|0.5|0.5
s2_001401,safe,1.0
s2_001402,safe,0.2|0.2|0.2|0.2|0.5|0.5|0.2|0.2
s2_001403,safe,0.5|0.5|0.5|0.5|0.5
s2_001404,safe,1.0
s2_001405,safe,0.8|0.5|0.5|0.5
s2_001406,safe,0.5|0.2|0.2|0.5|0.2|0.5
s2_001407,safe,0.5|0.5|0.5
s2_001408,safe,0.5|0.5|0.5|0.5|0.5|0.5|0.5|0.5
s2_001409,safe,0.5|0.5|0.5|0.5
s2_001410,safe,0.5
s2_001411,safe,0.5|0.5|0.5|0.5|0.5|0.5
s2_001412,safe,0.8|0.5
s2_001413,safe,0.5|0.5|0.2|0.5|0.5|0.5|0.5|0.5
s2_001414,safe,0.5|0.5|0.5|0.5
s2_001415,safe,0.8|0.5|0.5|0.8
s2_001416,safe,0.5|0.5|0.5
s2_001417,safe,0.5|0.2|0.2|0.5
s2_001418,safe,1.0
s2_001419,safe,0.5|0.2|0.2|0.5|0.2|0.2
s2_001420,safe,0.5|0.5|0.5|0.5
s2_001421,safe,0.5|0.5|0.5|0.5|0.5|0.5
s2_001422,safe,0.5|0.8|0.5|0.5
s2_001423,safe,0.5|0.8|1.0|0.5
s2_001424,safe,0.5|0.5|0.5|0.8
s2_001425,safe,0.2|0.8|0.8|1.0
s2_001426,safe,0.5|0.5|0.5|0.5|0.5|0.8
s2_001427,safe,0.5|0.5|0.8|0.5|0.5|0.5
s2_001428,safe,1.0
s2_001429,safe,1.0
s2_001430,safe,0.5|0.5|0.2|0.5|0.5|0.8
s2_001431,safe,0.5|0.2|0.5|0.8
s2_001432,safe,0.5|0.5|0.5|0.5
s2_001433,safe,0.2|0.2|0.5|0.5|0.2|0.2|0.5
s2_001434,safe,1.0
s2_001435,safe,0.2|0.5|0.5|0.5|0.5|0.5|0.2|0.5
s2_001436,safe,1.0
s2_001437,safe,0.5|1.0|0.2|0.5|0.5|1.0
s2_001438,safe,1.0
s2_001439,safe,1.0
s2_001440,safe,0.5|0.2|0.8|0.5|0.8
s2_001441,safe,0.5|0.5|0.5|0.5|0.5|0.5|0.5
s2_001442,safe,1.0
s2_001443,safe,0.5|0.5|0.5|0.5|0.5|0.5
s2_001444,safe,1.0
s2_001445,safe,0.5|0.2|1.0|0.5|0.5
s2_001446,safe,1.0
s2_001447,safe,0.5|0.5|0.5|0.5
s2_001448,safe,0.5|0.5
s2_001449,safe,1.0
s2_001450,safe,0.5|0.8|0.5|0.5|0.2|0.5
s2_001451,safe,0.5|0.5|0.2|0.5
s2_001452,safe,1.0
s2_001453,safe,0.5|0.8|1.0
s2_001454,safe,0.2|0.5|0.5|0.5
s2_001455,safe,0.5|0.5|0.5|0.5|0.5|0.5
s2_001456,safe,0.5
s2_001457,safe,0.5|0.5|0.2|0.5|0.2
s2_001458,safe,0.2|0.5|0.5|0.5
s2_001459,safe,1.0
s2_001460,safe,0.5|0.2
s2_001461,safe,1.0
s2_001462,safe,1.0
s2_001463,safe,0.2|0.2|0.2
s2_001464,safe,0.5|0.5|0.5|0.5|0.5
s2_001465,safe,0.5|0.2|0.5|0.5|0.5
s2_001466,safe,0.5|0.5|0.5|0.5
s2_001467,safe,0.2|0.2|0.2|0.5|0.5|0.5
s2_001468,safe,0.5|0.5|0.5|0.5|0.5
s2_001469,safe,1.0|0.5
s2_001470,safe,1.0
s2_001471,safe,0.5|0.2
s2_001472,safe,0.5|0.5|0.5|0.5
s2_001473,safe,0.5|0.5|0.5|0.5|0.5
s2_001474,safe,1.0
s2_001475,safe,0.5
s2_001476,safe,0.5|0.5|0.5|0.5|0.5
s2_001477,safe,0.2|0.2|0.8|0.8
s2_001478,safe,0.2
s2_001479,safe,1.0
s2_001480,safe,1.0
s2_001481,safe,0.5|0.5|1.0
s2_001482,safe,1.0
s2_001483,safe,1.0
s2_001484,safe,0.2|0.8|0.5|0.2|0.2
s2_001485,safe,0.5|0.5|0.5|0.5|0.5|0.5|0.5|0.2
s2_001486,safe,0.5|0.5|0.5|0.5|0.5|0.5
s2_001487,safe,0.5|0.5|0.5|0.5
s2_001488,safe,0.5
s2_001489,safe,0.5|1.0|0.5
s2_001490,safe,1.0
s2_001491,safe,0.5|0.5|0.5
s2_001492,safe,0.2|0.5|0.5|0.2|1.0
s2_001493,safe,0.5|0.2|1.0|0.5
s2_001494,safe,1.0
s2_001495,safe,0.5|0.5|0.8|0.8|0.5|0.5
s2_001496,safe,1.0|0.2
s2_001497,safe,0.5|0.5|0.5|0.5|0.5|0.5|0.5|0.5
s2_001498,safe,0.5|0.5|0.8
s2_001499,safe,0.5|0.5|0.5|0.5
s2_001500,safe,0.5|0.5|0.8|0.5|0.5
s2_001501,safe,0.5|0.5|0.8|0.5
s2_001502,safe,1.0
s2_001503,safe,0.8|0.2|0.2|0.8|0.8
s2_001504,safe,1.0
s2_001505,safe,0.5
s2_001506,safe,0.5
s2_001507,safe,1.0
s2_001508,safe,0.5|0.5|0.5|0.5
s2_001509,safe,0.2|0.5|0.5|0.8
s2_001510,safe,0.5|0.5|0.5|0.5|0.5|0.5
s2_001511,safe,0.5|0.8|0.5|0.8
s2_001512,safe,0.5
s2_001513,safe,0.5|0.8|0.5|0.5|0.5|0.8
s2_001514,safe,0.2|0.5|0.2|0.5|0.2
s2_001515,safe,0.5|0.2|0.5
s2_001516,safe,0.5|0.5|0.5
s2_001517,safe,0.5|0.5|0.5|0.5
s2_001518,safe,1.0
s2_001519,safe,1.0
s2_001520,safe,0.5|0.5|0.2|0.5|0.5
s2_001521,safe,0.5|0.8|0.8|0.5
s2_001522,safe,0.5|0.2|0.5
s2_001523,safe,0.5|0.5|0.5|0.5|0.8
s2_001524,safe,0.5|0.5|0.5|0.2|0.2|0.5|0.5
s2_001525,safe,1.0
s2_001526,safe,0.5|0.5|0.2|0.5|0.5
s2_001527,safe,0.5|0.5|0.5
s2_001528,safe,0.5|0.5|0.5|0.5|0.5|0.5|0.5|0.5|0.5
s2_001529,safe,0.5|0.5|0.5|0.5
s2_001530,safe,1.0
s2_001531,safe,0.5|0.8|0.5|0.5|0.5
s2_001532,safe,0.5|0.5|1.0
s2_001533,safe,0.5|0.5|1.0
s2_001534,safe,0.5|0.2|0.5|0.2|0.5|0.5|0.5
s2_001535,safe,0.5|0.8|0.5|0.5
s2_001536,safe,0.5|0.5|0.5|0.5
s2_001537,safe,0.5|0.2|0.2|0.5
s2_001538,safe,0.5|0.5|0.5
s2_001539,safe,0.5|0.5|0.5|0.5|0.5
s2_001540,safe,0.5|0.8
s2_001541,safe,0.5|0.5|0.8|0.5
s2_001542,safe,1.0
s2_001543,safe,1.0
s2_001544,unsafe,0.5|0.2|0.5|0.2|0.5
s2_001545,safe,0.5|0.5|0.5|0.5|0.5|0.5
s2_001546,safe,1.0
s2_001547,safe,0.5|0.2|0.2|0.2|0.2
s2_001548,safe,0.5|0.5|0.8|0.5|0.5
s2_001549,safe,0.5
s2_001550,safe,0.2|0.5|0.5|1.0
s2_001551,safe,1.0
s2_001552,safe,0.5|0.5|0.5
s2_001553,safe,1.0|0.5|0.2|1.0
s2_001554,safe,0.5|0.5|0.5|0.5
s2_001555,safe,0.5|0.5|0.5|0.5|0.5|0.8|0.8
s2_001556,safe,0.2|0.8|0.5|0.8
s2_001557,safe,1.0
s2_001558,safe,0.5|0.5
s2_001559,safe,1.0
s2_001560,safe,1.0
s2_001561,safe,0.5|0.5|0.5|0.5|0.5
s2_001562,safe,0.5|0.2|0.2|0.8|0.2
s2_001563,safe,1.0
s2_001564,safe,1.0
s2_001565,safe,0.2|0.2|0.2|0.2|0.5|0.5
s2_001566,safe,0.5|0.5|0.5|0.5|0.5
s2_001567,safe,0.5|0.2|0.5|0.2|0.2
s2_001568,safe,0.5|0.5|0.5|0.2|0.5
s2_001569,safe,0.2|0.2|0.2|0.2|0.2|0.2
s2_001570,safe,1.0|0.5
s2_001571,safe,0.5|0.5|0.5|0.5
s2_001572,safe,0.8|0.8
s2_001573,safe,1.0
s2_001574,safe,1.0
s2_001575,safe,0.5|0.5|0.5|0.2
s2_001576,safe,0.5|0.2|0.5|0.2
s2_001577,safe,1.0
s2_001578,safe,1.0|0.5
s2_001579,safe,0.5|0.5|0.5
s2_001580,safe,1.0
s2_001581,safe,0.5|0.5|0.5|0.5|0.5
s2_001582,safe,0.2|0.5|0.2|0.2|0.5
s2_001583,safe,0.5|0.5|0.2|0.5
s2_001584,safe,0.5|0.5|0.5|0.5|0.5
s2_001585,safe,0.2|0.2|0.2|0.8
s2_001586,safe,0.5|0.5|0.5|0.5|0.5|0.5
s2_001587,safe,0.5|0.8|0.5|0.5|0.5
s2_001588,safe,0.5|0.5|0.5|0.5
s2_001589,safe,0.2|0.8|0.2|0.5
s2_001590,safe,0.5|0.5|0.8
s2_001591,safe,1.0
s2_001592,safe,1.0
s2_001593,safe,0.2|0.5|0.5|0.5|0.5
s2_001594,safe,0.5|0.5|0.5|0.5|0.5
s2_001595,safe,0.5|0.5|0.2|0.5|0.8
s2_001596,safe,0.5|0.5|0.8|0.5
s2_001597,safe,0.5
s2_001598,safe,0.5|0.5|0.5
s2_001599,safe,0.5|0.5|0.5|0.5|0.5
s2_001600,safe,1.0
s2_001601,safe,1.0
s2_001602,safe,0.5|1.0|0.5
s2_001603,safe,0.2|0.2|0.5|0.5
s2_001604,safe,1.0
s2_001605,safe,0.5|0.5|0.5|0.5|0.5|0.5|0.5
s2_001606,safe,1.0
s2_001607,safe,0.5|0.2|0.5|0.2
s2_001608,safe,1.0
s2_001609,safe,0.5|0.2|0.5|0.2|0.2
s2_001610,safe,1.0
s2_001611,safe,1.0
s2_001612,safe,0.8|0.5|0.5
s2_001613,safe,0.5|0.5|0.5|0.8
s2_001614,safe,0.5|0.5|0.5|0.5
s2_001615,safe,1.0
s2_001616,safe,0.5
s2_001617,safe,1.0
s2_001618,safe,0.8|0.5|0.5|0.8|0.5
s2_001619,safe,0.2|0.5|0.5|0.8|0.5
s2_001620,safe,0.5|0.5|1.0|0.5|0.5
s2_001621,safe,1.0
s2_001622,safe,1.0
s2_001623,safe,0.5|0.5|0.8|1.0
s2_001624,safe,0.5|0.5|0.5|0.5|0.5|0.5|0.5
s2_001625,safe,1.0
s2_001626,safe,0.5
s2_001627,safe,0.5|0.5|0.5|0.8
s2_001628,safe,1.0
s2_001629,safe,0.5|0.2|0.2|0.2|0.2|0.5
s2_001630,safe,0.8|0.5|0.5|0.5|0.5
s2_001631,safe,0.5|0.5|0.5|0.5|0.5
s2_001632,safe,0.5|0.5|0.5|0.5|0.5|0.5|0.5|0.5
s2_001633,safe,1.0
s2_001634,safe,0.5|0.5
s2_001635,safe,1.0
s2_001636,safe,0.8|0.5|0.8|0.5
s2_001637,safe,0.5|0.2|0.5|0.5|1.0|0.2
s2_001638,safe,0.5|0.5|0.5|0.5|0.5
s2_001639,safe,0.5|0.8|0.5|0.5|0.5
s2_001640,safe,1.0
s2_001641,safe,0.5|0.8|0.5|0.5|0.5
s2_001642,safe,0.5|0.5|0.5|0.5|0.5|0.8
s2_001643,safe,0.8|0.8
s2_001644,safe,1.0
s2_001645,safe,0.5|0.5|0.5|0.5
s2_001646,safe,0.5|0.5|0.5|0.5|0.5|0.8
s2_001647,safe,0.2|0.2|0.2|0.5
s2_001648,safe,0.5|0.5|0.5|0.5|0.5
s2_001649,safe,1.0
s2_001650,safe,1.0
s2_001651,safe,1.0|0.5|0.5|0.2|0.8
s2_001652,safe,0.5
s2_001653,safe,0.2|0.5|0.5|0.5
s2_001654,safe,0.5|0.5|0.5|0.5|0.2|0.5
s2_001655,safe,0.5|0.5|0.5|0.5|0.5
s2_001656,safe,0.5|0.8|0.2|0.8|0.5|0.2
s2_001657,safe,0.5
s2_001658,safe,0.5|0.5|0.5|0.5|0.5|0.5
s2_001659,safe,0.5|0.5|0.5|0.5|0.5|0.5
s2_001660,safe,1.0
s2_001661,safe,0.2
s2_001662,safe,0.5|0.2|0.5|1.0|0.2
s2_001663,safe,0.5|0.5
s2_001664,safe,0.5|0.5|0.2|0.5|0.5
s2_001665,safe,1.0
s2_001666,safe,0.5|0.2|0.2|0.2|0.5
s2_001667,safe,1.0
s2_001668,safe,1.0
s2_001669,safe,0.2|0.2|0.8|0.2|0.2
s2_001670,safe,1.0
s2_001671,safe,0.5|0.2|0.5
s2_001672,safe,0.5|0.5|0.5|0.5|0.2|0.8
s2_001673,safe,0.5
s2_001674,safe,0.5|0.5|0.5|0.2|0.5|0.5|0.5
s2_001675,safe,1.0
s2_001676,safe,0.5|0.5
s2_001677,safe,1.0
s2_001678,safe,0.5|0.8|0.2|0.5
s2_001679,safe,0.5|0.5|0.5|0.5|0.2
s2_001680,safe,0.2|0.5|0.5|0.5
s2_001681,safe,1.0
s2_001682,safe,1.0
s2_001683,safe,0.5|0.5|0.5|0.5
s2_001684,safe,0.8|0.5|0.5|0.5|0.8
s2_001685,safe,0.5|0.8|0.5|0.5|1.0|0.5
s2_001686,safe,1.0
s2_001687,safe,0.5|0.5
s2_001688,safe,0.5|0.5|0.5
s2_001689,safe,0.8|0.5|0.2
s2_001690,safe,0.8|0.5|0.5|0.5|1.0
s2_001691,safe,0.5|0.5|0.5|0.2|0.5|0.5|1.0|0.5
s2_001692,safe,0.5|0.2|0.2|0.2|0.5|0.2|0.2|0.8
s2_001693,safe,1.0
s2_001694,safe,1.0
s2_001695,safe,1.0
s2_001696,safe,0.5
s2_001697,safe,0.8|0.2|0.5|0.5|0.5
s2_001698,safe,1.0
s2_001699,safe,0.5|0.5|0.5|0.5|0.5
s2_001700,safe,0.8|0.8|0.8|0.8|0.8
s2_001701,safe,0.5|0.5|0.5|0.5|0.5
s2_001702,safe,0.5|0.5|0.5|0.5|0.5
s2_001703,safe,0.8|0.5|0.5
s2_001704,safe,0.2|0.5|0.5|0.2|0.5|0.5
s2_001705,safe,0.5|0.5|0.5|0.5|0.5
s2_001706,safe,0.2
s2_001707,safe,0.5|0.5|0.5|0.5
s2_001708,safe,0.8|0.5|0.5|1.0
s2_001709,safe,0.5|0.5|0.5|0.8|0.5
s2_001710,safe,1.0|0.5|0.5
s2_001711,safe,1.0
s2_001712,safe,0.2|0.8|0.2|0.5
s2_001713,safe,0.5|0.5|0.5|0.5
s2_001714,safe,0.5|0.5|0.5|0.5
s2_001715,safe,0.5|0.5|0.5|0.5
s2_001716,safe,0.5|0.5|0.5|0.2|0.5
s2_001717,safe,0.5|0.8|0.5|0.8
s2_001718,safe,0.5|0.5|0.5|0.5|0.5
s2_001719,safe,0.5|0.2|0.5|0.2|0.5
s2_001720,safe,1.0|0.5
s2_001721,safe,1.0
s2_001722,safe,1.0
s2_001723,safe,0.5|0.5|0.2|0.8|0.2
s2_001724,safe,0.2|0.5|0.2|0.5|0.5|0.8
s2_001725,safe,0.5|0.2|0.5|0.2|0.5
s2_001726,safe,0.5|0.2|0.2|0.5|0.5
s2_001727,safe,0.5|0.5|0.5|0.8
s2_001728,safe,1.0
s2_001729,safe,0.5|0.5|0.5|0.5|0.8
s2_001730,safe,0.5|0.8|0.5|1.0
s2_001731,safe,1.0
s2_001732,safe,0.5|0.5
s2_001733,safe,1.0
s2_001734,safe,0.5|0.5|0.5|0.2|0.5
s2_001735,safe,0.5|0.5|0.5|0.8
s2_001736,safe,0.5|0.5|0.5|0.5|0.5
s2_001737,safe,0.5|0.2|0.2|0.5|0.2
s2_001738,safe,0.8|0.2|0.2|0.8
s2_001739,safe,0.5|0.5|0.2|0.5
s2_001740,safe,0.5|0.5|0.5|0.5|0.5|0.5|0.5|0.5|0.5|0.5
s2_001741,safe,0.5|0.2|0.5|0.2|0.5|0.2|0.5|0.5
s2_001742,safe,0.5|0.5|0.5|0.5|0.5
s2_001743,safe,1.0
s2_001744,safe,0.5|0.2|0.5|0.8
s2_001745,safe,0.5|0.8|0.2|0.8
s2_001746,safe,1.0
s2_001747,safe,1.0
s2_001748,safe,1.0
s2_001749,safe,0.8|0.5|0.2|0.5
s2_001750,safe,0.5|0.5|0.5|0.5|0.2
s2_001751,safe,0.5|0.5|0.5|0.5|0.5
s2_001752,safe,0.5|0.5|0.5
s2_001753,safe,1.0
s2_001754,unsafe,0.2|0.5
s2_001755,safe,1.0
s2_001756,safe,0.5|0.5|0.2|0.5
s2_001757,safe,0.5|0.5
s2_001758,safe,0.5|0.5|0.5|0.5|0.8
s2_001759,safe,1.0
s2_001760,safe,1.0
s2_001761,safe,0.5|0.5|0.5|0.5|0.5|0.5|0.5
s2_001762,safe,0.5|0.5|0.5|0.5|0.5|0.5|0.5
s2_001763,safe,1.0
s2_001764,safe,0.5|0.2|0.2|0.5|0.2
s2_001765,safe,0.5|0.5|0.5|0.5
s2_001766,safe,0.5
s2_001767,safe,0.5|0.5|0.5|0.5|0.5|0.5
s2_001768,safe,0.2
s2_001769,safe,0.5|0.5|0.5|0.2|0.5|0.5
s2_001770,safe,0.5|0.5|0.5|0.5
s2_001771,safe,1.0
s2_001772,safe,0.5|0.2|0.2|0.5
s2_001773,safe,0.5|0.5|0.8|0.5
s2_001774,safe,0.2|0.2|0.2|0.8
s2_001775,safe,1.0
s2_001776,safe,1.0
s2_001777,safe,0.5|0.2|0.5|0.5
s2_001778,safe,1.0
s2_001779,safe,0.5|0.5|0.5
s2_001780,safe,0.5|0.2|0.5|0.5|0.5
s2_001781,safe,0.5|0.5|0.5|0.5
s2_001782,safe,1.0
s2_001783,safe,0.5|0.5|0.5|0.2|0.5|0.5
s2_001784,safe,0.2|0.2|0.5|0.8|0.8
s2_001785,safe,0.5|0.5|0.5
s2_001786,safe,0.5|0.5|0.5|0.5
s2_001787,safe,0.5|0.2|0.5|0.8
s2_001788,safe,0.5|0.5|0.5|0.5|0.5
s2_001789,safe,0.5
s2_001790,safe,0.5|0.5|0.5|0.5
s2_001791,safe,0.5
s2_001792,safe,1.0
s2_001793,safe,1.0
s2_001794,safe,0.5|0.5|0.5|0.5
s2_001795,safe,1.0
s2_001796,safe,0.5
s2_001797,safe,0.5|0.2|0.5|0.5
s2_001798,safe,1.0
s2_001799,safe,1.0
s2_001800,safe,1.0
s2_001801,safe,0.5|0.5|0.5|0.8
s2_001802,safe,0.5|0.5|0.5|0.5|0.5|0.8
s2_001803,safe,0.5|0.2|0.5|0.2|0.2|0.2
s2_001804,safe,0.5|0.5|0.5|0.5|0.5|0.5
s2_001805,safe,0.2|0.2
s2_001806,safe,0.2|0.5|0.5|0.5
s2_001807,safe,0.5|0.5|0.5|0.5
s2_001808,safe,1.0
s2_001809,safe,1.0
s2_001810,safe,1.0
s2_001811,safe,0.2|0.5|0.5|0.5
s2_001812,safe,0.2|0.2|0.5|0.5|0.5
s2_001813,safe,0.5|0.5|0.5|0.5
s2_001814,safe,0.2|0.2|0.2|0.5|0.2
s2_001815,safe,1.0
s2_001816,safe,0.5|0.5|0.2|0.5
s2_001817,safe,0.5|0.5|0.5|0.5
s2_001818,safe,0.5|0.2
s2_001819,safe,0.5|0.5|0.5|0.5|0.5
s2_001820,safe,1.0
s2_001821,safe,0.5|0.2|0.5|0.8|0.8
s2_001822,safe,1.0
s2_001823,safe,0.5|0.5|0.5|0.5
s2_001824,safe,0.5|0.5|0.5|0.5|0.5
s2_001825,safe,0.5|0.5|0.5|0.8
s2_001826,safe,0.5|0.2|0.8|0.5|0.8|0.2
s2_001827,safe,0.5|0.5|0.2|0.5|1.0|0.5|0.5
s2_001828,safe,1.0
s2_001829,safe,0.8|0.2|0.5|0.5
s2_001830,safe,0.5|0.2|0.2|0.2|0.2|0.5|0.2|0.5|0.5
s2_001831,safe,0.8|0.5|0.5|0.5
s2_001832,safe,0.8|0.8|0.5|0.8|0.5|0.5|0.5
s2_001833,safe,1.0
s2_001834,safe,1.0
s2_001835,safe,0.5|0.5
s2_001836,safe,0.5
s2_001837,safe,0.5|0.2|1.0|0.5|0.5
s2_001838,safe,0.8|0.8|0.8|0.5
s2_001839,safe,0.5|0.5|1.0|0.5|1.0|0.5
s2_001840,safe,0.2|0.2|0.5|0.2
s2_001841,unsafe,0.5
s2_001842,safe,1.0
s2_001843,safe,0.5
s2_001844,safe,0.8|0.5|0.5|0.2|0.5|0.5|0.2
s2_001845,safe,1.0
s2_001846,safe,0.8|0.5|0.5|0.2|0.2
s2_001847,safe,0.5|0.5|0.5|0.5
s2_001848,safe,1.0
s2_001849,safe,1.0
s2_001850,safe,0.5|0.5|0.2|0.5
s2_001851,safe,0.5|0.5|0.2|0.5|0.5
s2_001852,safe,1.0
s2_001853,safe,0.5|0.5|0.5
s2_001854,safe,1.0
s2_001855,safe,0.5
s2_001856,safe,0.5|1.0|0.5|0.5|0.5
s2_001857,safe,0.5|0.2|0.5|0.5
s2_001858,safe,0.5|0.5|0.5|0.8
s2_001859,safe,1.0
s2_001860,safe,0.5|1.0|0.5|0.5
s2_001861,safe,0.5
s2_001862,safe,0.8|0.5|0.2|0.5|0.2|0.8|0.2
s2_001863,safe,0.5|0.5|0.5|0.5|0.8
s2_001864,safe,1.0
s2_001865,safe,1.0
s2_001866,unsafe,0.2|0.2|0.2|0.2
s2_001867,safe,0.5|0.5|0.5|0.8
s2_001868,safe,1.0
s2_001869,safe,0.5|0.5|0.5|0.5|0.5|0.5
s2_001870,safe,0.8|0.5|0.5|0.8|0.5|0.8
s2_001871,safe,0.5|0.5|0.5|0.5
s2_001872,safe,1.0
s2_001873,safe,0.2|0.5|0.5|0.5|0.5
s2_001874,safe,0.5|0.5|0.5
s2_001875,safe,1.0
s2_001876,safe,0.2|0.5|0.5
s2_001877,safe,0.5|1.0|0.5|0.5
s2_001878,safe,0.5|0.5|0.5|0.5|0.5|0.5|0.5|0.5|0.5|0.5
s2_001879,safe,0.5|0.5|0.8|0.5
s2_001880,safe,0.2|0.2|0.2|0.2|0.2
s2_001881,safe,0.5|0.5|0.5|0.8|0.5|0.5|0.5
s2_001882,safe,0.5|0.5|0.5|0.5
s2_001883,safe,0.5|0.5|0.5|0.5
s2_001884,safe,1.0
s2_001885,safe,0.5|0.5|0.5|0.5|0.5
s2_001886,safe,0.5|0.5|0.5|0.5
s2_001887,safe,0.5|0.5|0.5|0.5|0.8|0.5
s2_001888,safe,1.0
s2_001889,safe,0.5|1.0|0.5|0.5|0.5
s2_001890,safe,0.5|0.5|0.5|0.8
s2_001891,safe,0.5
s2_001892,safe,0.5|0.8|0.5|0.5|0.5
s2_001893,safe,1.0
s2_001894,safe,0.2|0.8|0.8|0.2
s2_001895,safe,0.5|0.5|0.2|0.2
s2_001896,safe,1.0
s2_001897,safe,0.5|0.2|0.2|0.8|0.8
s2_001898,safe,0.5|0.5|0.5|0.2|0.8
s2_001899,safe,0.5
s2_001900,safe,0.2|0.2|0.5|0.5|0.5|0.5
s2_001901,safe,1.0|0.5
s2_001902,safe,1.0
s2_001903,safe,1.0|0.5|0.5|0.5|0.5
s2_001904,safe,1.0
s2_001905,safe,1.0
s2_001906,safe,0.5|0.5|0.5|0.5|0.5
s2_001907,safe,0.5|0.5|0.5|0.5
s2_001908,safe,1.0
s2_001909,safe,0.5|0.5|0.5|0.5
s2_001910,safe,0.5|0.5
s2_001911,safe,0.5|0.5|0.5
s2_001912,safe,1.0
s2_001913,safe,0.2|0.5|0.5|1.0
s2_001914,safe,1.0
s2_001915,safe,0.8|0.2|0.5|0.8
s2_001916,safe,1.0
s2_001917,safe,0.2|0.8|0.2|0.8|0.5
s2_001918,safe,0.5|0.2|0.5
s2_001919,safe,0.5|0.5|0.5|0.8|0.8
s2_001920,safe,1.0
s2_001921,safe,0.5|0.5|0.5
s2_001922,safe,0.5|0.5|0.5|1.0
s2_001923,safe,0.5|0.5|0.5|0.5|0.5
s2_001924,safe,0.5|0.5|0.5|0.5|0.5
s2_001925,safe,0.5
s2_001926,safe,0.2|0.5|0.2|0.5
s2_001927,safe,0.8|0.5|0.5|0.5|0.8
s2_001928,safe,0.2|0.5|0.5|0.8|0.5
s2_001929,safe,1.0
s2_001930,safe,0.8|0.5|0.5|0.5
s2_001931,safe,0.5|0.5|0.5|0.2
s2_001932,safe,1.0
s2_001933,safe,0.5|0.5|0.5|0.5|0.5
s2_001934,safe,0.2|0.5|0.2|0.8
s2_001935,safe,0.8|0.5|0.5|0.8|0.8
s2_001936,safe,1.0
s2_001937,safe,0.5|0.2|0.2|0.2|0.5|0.5
s2_001938,safe,1.0
s2_001939,safe,0.5|0.2|0.2|0.5|0.5
s2_001940,safe,0.2|0.2|0.5|0.5|0.2
s2_001941,safe,0.5|0.5|0.5|0.5|0.5
s2_001942,safe,0.5|0.5|0.5|0.5|0.5
s2_001943,safe,0.5|1.0|0.5
s2_001944,safe,0.5|1.0|0.5
s2_001945,safe,1.0
s2_001946,safe,0.5|0.5|0.2|0.2|0.2|0.8|0.2|0.5|0.8
s2_001947,safe,0.5|0.2|0.5|0.5|0.5
s2_001948,safe,0.5|0.5|0.5
s2_001949,safe,1.0
s2_001950,safe,1.0
s2_001951,safe,0.8|0.5
s2_001952,safe,0.5|0.5|0.5
s2_001953,safe,1.0
s2_001954,safe,1.0
s2_001955,safe,1.0
s2_001956,safe,0.5|0.5|0.2
s2_001957,safe,0.2|0.2|0.5|0.8
s2_001958,safe,1.0
s2_001959,safe,0.5
s2_001960,safe,1.0
s2_001961,safe,0.5|0.5|0.5|0.5
s2_001962,safe,1.0
s2_001963,safe,1.0
s2_001964,safe,0.5|0.8|0.5
s2_001965,safe,0.5|0.5|0.5
s2_001966,safe,1.0
s2_001967,safe,0.5|0.5|0.5|0.5|0.5
s2_001968,safe,0.5|0.5|0.5|0.5|0.5|0.5|0.2|0.5
s2_001969,safe,0.5|0.5|0.5|0.5|0.5
s2_001970,safe,0.5|0.5|0.5
s2_001971,safe,0.5|0.5|0.2|0.2|0.5|0.5|0.2
s2_001972,safe,1.0
s2_001973,safe,0.5|1.0|0.5|0.5
s2_001974,safe,1.0
s2_001975,safe,0.5|0.2|0.5|0.5
s2_001976,safe,0.5|0.8|0.5|0.5|0.8|0.8
s2_001977,safe,0.2|0.5|0.5|0.5
s2_001978,safe,0.2|0.8|0.5|0.5
s2_001979,safe,0.5|0.2|0.2|0.5|0.2
s2_001980,safe,0.5|0.5|0.5|0.8
s2_001981,safe,0.5|0.5
s2_001982,safe,0.2
s2_001983,safe,0.5|0.5|0.5|0.5
s2_001984,safe,0.5|0.8|0.5|0.5|0.5
s2_001985,safe,0.5|0.5|0.5|0.5
s2_001986,safe,0.5
s2_001987,safe,0.5
s2_001988,safe,0.5
s2_001989,safe,0.5|0.5|0.5|0.5|0.5
s2_001990,safe,0.8|0.8|0.8|0.8|0.8|0.8
s2_001991,safe,0.8|0.2|0.5|0.5
s2_001992,safe,1.0
s2_001993,safe,0.5|0.5|0.5|0.8
s2_001994,safe,1.0
s2_001995,safe,0.5|0.5|1.0|1.0
s2_001996,safe,0.5|0.5|0.5|0.5
s2_001997,safe,1.0|0.8|0.5
s2_001998,safe,0.5|0.5|0.5|0.5|1.0
s2_001999,safe,0.5|0.2|0.5|0.5
s2_002000,safe,0.5|0.5|0.5|0.5
s2_002001,safe,0.5
s2_002002,safe,0.2|0.5|0.2|0.5|0.5
s2_002003,safe,1.0
s2_002004,safe,1.0
s2_002005,safe,0.5|0.8|0.5|0.5|0.8
s2_002006,safe,0.5|0.5|0.5|0.5|0.5
s2_002007,safe,0.5|0.5|0.5
s2_002008,safe,0.2|0.5|0.2|0.2|0.5|1.0
s2_002009,safe,1.0
s2_002010,safe,0.5|0.5|0.5|0.5|0.5
s2_002011,safe,0.5|1.0|0.5|0.8
s2_002012,safe,0.2|0.2|0.2|0.2|0.8
s2_002013,safe,0.5|0.5|1.0
s2_002014,safe,0.5|0.5|0.5|0.5
s2_002015,safe,0.5|0.5|0.5|0.5
s2_002016,safe,1.0
s2_002017,safe,0.5|0.5|1.0|0.5|1.0|0.2
s2_002018,safe,0.5|0.2
s2_002019,safe,0.5|0.5|0.5|0.5|0.5|1.0|0.5|0.5
s2_002020,safe,1.0
s2_002021,safe,0.5|0.5|0.5|0.5|0.5|0.5|0.5
s2_002022,safe,0.2|0.2|0.2|0.2
s2_002023,safe,1.0
s2_002024,safe,1.0
s2_002025,safe,1.0
s2_002026,safe,0.5
s2_002027,safe,0.5
s2_002028,safe,0.2|0.2|0.2|0.5|0.5
s2_002029,safe,1.0
s2_002030,safe,1.0
s2_002031,safe,1.0
s2_002032,safe,0.5|0.5|0.5|0.5|0.5|0.5
s2_002033,safe,0.5|1.0|1.0
s2_002034,safe,0.5|0.5|0.2|0.5|0.5|0.5|0.5|0.8
s2_002035,safe,0.5|0.5|0.5|0.5|0.5
s2_002036,safe,1.0
s2_002037,safe,0.5|0.5|0.5|0.8
s2_002038,safe,0.5|0.8|0.5|0.2
s2_002039,safe,1.0
s2_002040,safe,0.5|0.5|0.5
s2_002041,safe,0.5|0.2|0.2|0.5|0.5
s2_002042,safe,0.5|0.2|0.2|0.5|0.2
s2_002043,safe,0.5|0.5|0.5|0.5
s2_002044,safe,1.0
s2_002045,safe,1.0
s2_002046,safe,0.5|0.5|0.2|0.5
s2_002047,safe,0.2
s2_002048,safe,0.5|0.2|0.2|0.2|0.2|0.5|0.8
s2_002049,safe,0.5|0.8|0.5|0.5
s2_002050,safe,0.5|0.5|0.5|0.2|0.5
s2_002051,safe,0.2|0.2|0.5|0.5|0.5
s2_002052,safe,0.5|1.0|0.5|0.5|0.5
s2_002053,safe,0.5|0.5
s2_002054,safe,1.0
s2_002055,safe,1.0
s2_002056,safe,1.0
s2_002057,safe,0.5|0.5|0.5|1.0
s2_002058,safe,0.5|0.2|0.5|0.2|0.5
s2_002059,safe,0.5|0.5|0.5|0.5|0.5|0.8
s2_002060,safe,1.0
s2_002061,safe,0.2|0.5|0.2|0.5|0.5
s2_002062,safe,1.0
s2_002063,safe,0.5|0.5|1.0|0.5
s2_002064,safe,0.5|0.5|1.0
s2_002065,safe,0.5|0.5|0.5
s2_002066,safe,1.0
s2_002067,safe,1.0
s2_002068,safe,0.5|0.5|0.5|0.5
s2_002069,safe,1.0
s2_002070,safe,0.5|0.5|1.0|0.5|0.5|0.5
s2_002071,safe,1.0
s2_002072,safe,0.5|1.0|0.5|0.5
s2_002073,safe,0.5|0.5|0.5|0.5|0.5
s2_002074,safe,0.5|1.0|0.5
s2_002075,safe,1.0
s2_002076,safe,0.5|0.5|0.5|0.5|0.5
s2_002077,safe,0.8|0.8|0.2|0.8
s2_002078,safe,1.0
s2_002079,safe,1.0
s2_002080,safe,0.2|0.5|0.5|0.5
s2_002081,safe,0.5|0.5|0.5|1.0|0.5|0.5
s2_002082,safe,0.5|0.5|0.5|0.5
s2_002083,safe,0.5|0.5|0.2|0.2|0.5|0.2|0.5
s2_002084,safe,0.2|0.2|0.8|1.0
s2_002085,safe,0.5|0.5|0.5|0.2|0.2|0.5|0.5|0.5
s2_002086,safe,1.0
s2_002087,safe,1.0
s2_002088,safe,0.5
s2_002089,safe,0.5|0.5|0.2|0.2|0.2|0.5
s2_002090,safe,0.5|0.8|0.5|0.8
s2_002091,safe,0.5|0.5|0.2|0.2|0.5
s2_002092,safe,1.0
s2_002093,safe,0.5|0.5|0.5|0.5
s2_002094,safe,1.0
s2_002095,safe,0.5|0.5|0.5|0.5|0.5|0.5
s2_002096,safe,0.5|0.2|0.2
s2_002097,safe,0.5|0.5|0.5|0.8
s2_002098,safe,0.2|0.2|0.2|0.2|0.2
s2_002099,safe,1.0
s2_002100,safe,0.5|0.8|0.5|0.5|0.5
s2_002101,safe,0.5|0.5|0.2
s2_002102,safe,0.8|0.2|0.5|0.2|0.5
s2_002103,safe,0.5|0.5|0.5
s2_002104,safe,0.5|0.8|0.5|0.8
s2_002105,safe,0.5
s2_002106,safe,0.5|0.5|0.5|0.5|0.5
s2_002107,safe,1.0
s2_002108,safe,0.5|0.8|0.2|0.2|0.5
s2_002109,safe,0.2
s2_002110,safe,0.5|0.8
s2_002111,safe,1.0
s2_002112,safe,1.0
s2_002113,unsafe,0.5|0.5|0.5
s2_002114,safe,0.5|0.5|0.5|0.5
s2_002115,safe,1.0
s2_002116,safe,1.0
s2_002117,safe,0.2|0.2|0.5
s2_002118,safe,0.5|0.8|0.5|0.8|0.8
s2_002119,safe,0.5|0.5|0.8|0.8|0.5
s2_002120,safe,1.0|0.5
s2_002121,safe,0.5|0.2|0.5|0.5
s2_002122,safe,1.0
s2_002123,safe,1.0
s2_002124,safe,0.5|0.5|0.5|0.5
s2_002125,safe,0.5|0.8|0.5|0.8|0.8|0.5
s2_002126,safe,1.0
s2_002127,safe,0.2|0.5|0.5|0.5
s2_002128,safe,0.5|0.5|0.2|0.5|0.2
s2_002129,safe,0.5|0.5|0.5|0.5|0.5
s2_002130,safe,1.0
s2_002131,safe,0.5
s2_002132,safe,1.0
s2_002133,safe,0.5|0.2|0.8|0.5|0.5
s2_002134,safe,1.0
s2_002135,safe,1.0
s2_002136,safe,1.0
s2_002137,safe,0.5|0.5|1.0
s2_002138,safe,0.5
s2_002139,safe,1.0
s2_002140,safe,0.5|0.5|0.5|0.5
s2_002141,safe,0.5|0.5|0.5|0.5|0.5
s2_002142,safe,0.2|0.5|0.2|0.5|0.5
s2_002143,safe,0.5|0.8
s2_002144,safe,1.0
s2_002145,safe,1.0
s2_002146,safe,0.5|0.5
s2_002147,safe,0.5|0.8|0.5
s2_002148,safe,0.5
s2_002149,safe,1.0
s2_002150,safe,0.5
s2_002151,safe,0.2|0.5
s2_002152,safe,0.5|0.5|0.5|0.2
s2_002153,safe,0.5|0.5|0.5|0.5|0.5
s2_002154,safe,1.0
s2_002155,safe,1.0
s2_002156,safe,0.5|0.5|0.5|0.5|0.5
s2_002157,safe,1.0|0.5
s2_002158,safe,1.0
s2_002159,safe,0.5
s2_002160,safe,0.5|0.5|0.5|0.5|0.5|0.5|0.5|0.5
s2_002161,safe,0.5|0.5|0.5|0.2|0.5|0.5
s2_002162,safe,0.5|0.5|0.5|0.5|0.5|0.8
s2_002163,safe,0.5|0.5
s2_002164,safe,0.5|0.2|0.2|0.5|0.5|0.5
s2_002165,safe,0.5|0.5|0.8|0.8
s2_002166,safe,0.8|0.5|0.5
s2_002167,safe,0.5|0.5|0.5|0.5|0.5
s2_002168,safe,0.5|0.5|0.5|0.2|0.8
s2_002169,safe,0.2|0.5|0.5|0.5|0.5|0.5|0.2|0.5|0.2
s2_002170,safe,0.2|0.5|0.5
s2_002171,safe,0.5|0.5
s2_002172,safe,0.5|0.5|0.5|0.5
s2_002173,safe,1.0
s2_002174,safe,0.2|0.5|1.0
s2_002175,safe,1.0
s2_002176,safe,0.5|0.5|0.5|0.5|0.5
s2_002177,safe,0.2|0.5|0.2|0.5
s2_002178,safe,0.5|0.8|0.5|0.5
s2_002179,safe,0.2|0.5|0.5|0.5|0.5|0.5
s2_002180,safe,0.5|0.2|0.2|0.2|0.5|0.5
s2_002181,safe,0.5|0.2|0.5|0.2|0.5
s2_002182,safe,0.5|0.5|0.5|0.5
s2_002183,safe,0.5|0.5|0.5
s2_002184,safe,1.0
s2_002185,safe,1.0
s2_002186,safe,1.0
s2_002187,unsafe,0.5|0.5|0.5|0.5|0.2|0.2
s2_002188,safe,1.0
s2_002189,safe,0.5|0.2|0.5|0.2
s2_002190,safe,0.5|0.2|0.2|0.5|0.2
s2_002191,safe,0.5|0.2|0.5
s2_002192,safe,0.5
s2_002193,safe,1.0
s2_002194,safe,0.5
s2_002195,safe,0.8|0.5|0.5|0.5
s2_002196,safe,0.5|0.5|0.2|0.5|0.5
s2_002197,safe,0.8|0.8|0.2|0.8
s2_002198,safe,0.5|0.2|0.5
s2_002199,safe,1.0
s2_002200,safe,1.0
s2_002201,safe,0.2|0.5|0.8|0.5
s2_002202,safe,1.0
s2_002203,safe,0.5|0.8|0.8|0.5
s2_002204,safe,0.8|0.5|0.5|1.0
s2_002205,safe,1.0
s2_002206,safe,0.2|0.5|0.5|0.8|0.5
s2_002207,safe,0.8
s2_002208,safe,0.2|0.2
s2_002209,safe,1.0
s2_002210,safe,0.5|0.5|0.5|0.5
s2_002211,safe,0.5|0.5|0.5|0.5|0.5|0.5|0.5
s2_002212,safe,1.0
s2_002213,safe,0.5|0.5|0.5|0.5|0.5
s2_002214,safe,1.0
s2_002215,safe,0.5|0.5|0.5|0.8
s2_002216,safe,0.5|0.8|0.5|0.8|0.8
s2_002217,safe,0.5
s2_002218,safe,1.0
s2_002219,safe,1.0
s2_002220,safe,0.5|0.5|0.5
s2_002221,safe,0.2|0.5|0.5
s2_002222,safe,1.0
s2_002223,safe,1.0
s2_002224,safe,0.5|0.8|0.8|0.5
s2_002225,safe,0.5|0.5|0.8|0.2|0.5
s2_002226,safe,0.5
s2_002227,safe,0.2|0.5|0.5|0.5
s2_002228,safe,0.5|1.0|0.5
s2_002229,safe,0.5|0.5|0.5
s2_002230,safe,0.5|0.5|0.5|0.5|0.5
s2_002231,safe,0.5|0.2|0.2|0.5|0.5
s2_002232,safe,0.5|0.5|0.5|0.5
s2_002233,safe,0.5|0.5|0.5|0.5|0.5
s2_002234,safe,0.8|0.8|0.8|0.8|0.2
s2_002235,safe,0.5|0.5|0.5|0.5|0.5
s2_002236,safe,1.0
s2_002237,safe,1.0
s2_002238,safe,1.0
s2_002239,safe,0.5|0.2|0.5|0.5
s2_002240,safe,0.8|0.8
s2_002241,safe,1.0
s2_002242,safe,0.5|0.5|0.5|0.5
s2_002243,safe,0.5|0.5|0.5
s2_002244,safe,0.5|0.5|0.5|0.5
s2_002245,safe,1.0
s2_002246,safe,0.5|0.5|0.5
s2_002247,safe,0.5|0.2|0.2|0.5|0.2|0.5|0.5
s2_002248,safe,0.5|0.8|0.5|0.5|0.5
s2_002249,safe,0.2|0.2|0.8|0.2
s2_002250,safe,0.2|0.5|0.5|0.5|0.5|0.5|0.5
s2_002251,unsafe,0.2|0.2|0.5|0.2|0.2
s2_002252,safe,0.5|0.5|0.2|0.5
s2_002253,safe,1.0
s2_002254,safe,0.5
s2_002255,safe,0.5|0.5|0.5|0.5|0.5|0.5
s2_002256,safe,0.5|0.5|0.5|0.8|0.5
s2_002257,safe,1.0
s2_002258,safe,0.2|0.5|0.5|0.5|0.5
s2_002259,safe,1.0
s2_002260,safe,1.0
s2_002261,safe,0.2|0.5
s2_002262,safe,0.5|0.2|0.5|0.5|0.5
s2_002263,safe,0.8|0.5|0.2|0.5|0.5|0.5
s2_002264,safe,0.5|0.5|0.5|0.5
s2_002265,safe,1.0
s2_002266,safe,1.0
s2_002267,safe,1.0
s2_002268,safe,0.5|0.5|0.5|0.5
s2_002269,safe,1.0
s2_002270,safe,1.0
s2_002271,safe,1.0
s2_002272,safe,0.5|0.2|0.2|0.2|0.2
s2_002273,safe,0.5|0.5|0.5|0.5|0.5|0.5|0.5
s2_002274,safe,0.5|0.5|0.5|0.8
s2_002275,safe,1.0
s2_002276,safe,0.5
s2_002277,safe,0.2
s2_002278,safe,1.0
s2_002279,safe,1.0
s2_002280,safe,0.2|0.5|0.5|0.2|0.5|0.2
s2_002281,safe,0.5|0.5|0.5|0.5|0.5
s2_002282,safe,1.0
s2_002283,safe,0.5|0.5
s2_002284,safe,0.2|0.2|0.5|0.5|0.8
s2_002285,safe,0.5|0.5|0.5|0.8
s2_002286,safe,0.5|0.5|0.5|0.5|0.5
s2_002287,safe,1.0
s2_002288,safe,0.5|0.5|0.5|0.5
s2_002289,safe,1.0
s2_002290,safe,0.5
s2_002291,safe,0.5|0.5|0.5|0.8
s2_002292,safe,0.5
s2_002293,safe,0.2|0.2|0.5|0.2|0.5|0.2
s2_002294,safe,0.5|0.5|0.5|0.2
s2_002295,safe,0.5|0.2|0.2|0.5|0.2
s2_002296,safe,1.0
s2_002297,safe,1.0
s2_002298,safe,0.5|0.5|0.5|0.2
s2_002299,safe,0.5
s2_002300,safe,0.5
s2_002301,safe,1.0
s2_002302,safe,1.0
s2_002303,safe,0.5|0.5|0.5|0.5|0.5
s2_002304,safe,0.5|0.5|0.5|0.5
s2_002305,safe,0.5|0.2|0.5
s2_002306,safe,0.5|0.5|0.5|0.5|0.5
s2_002307,safe,1.0
s2_002308,safe,0.2|0.5|0.5|0.2|0.5|0.2
s2_002309,safe,1.0
s2_002310,safe,0.5|0.5|0.5|0.5|0.5|0.5
s2_002311,safe,0.5|0.5|0.5|0.5
s2_002312,safe,0.5|0.5|0.5|0.5
s2_002313,safe,0.5|0.5|0.5|0.8
s2_002314,safe,0.5|0.5|0.2|0.2
s2_002315,safe,0.5|0.5|0.5|0.5|0.8
s2_002316,safe,0.5|0.5|0.5|0.5|0.5
s2_002317,safe,0.5|0.5|0.5|0.5|0.5|0.2
s2_002318,safe,0.5|0.5|0.5|0.2|0.5|0.5|0.5|0.5|0.5|0.5|0.5|0.5|0.5
s2_002319,safe,0.5|0.5|0.5|0.5|0.5|0.5|0.5|0.5|0.5|0.5
s2_002320,safe,1.0
s2_002321,safe,0.5|0.2|0.5|0.2
s2_002322,safe,0.2|0.2
s2_002323,safe,1.0
s2_002324,safe,0.5|0.8|0.5|0.8|0.5
s2_002325,safe,0.5|0.5|0.2|0.5|0.2|0.5
s2_002326,safe,1.0
s2_002327,safe,1.0
s2_002328,safe,1.0
s2_002329,safe,1.0
s2_002330,safe,1.0
s2_002331,safe,0.5
s2_002332,safe,0.5|0.5|0.8|0.8|0.8
s2_002333,safe,0.2|0.5|0.2|0.5|0.5
s2_002334,safe,0.5|0.5|0.5|0.5
s2_002335,safe,0.5
s2_002336,safe,0.5|0.5|0.8
s2_002337,safe,0.5|0.5|0.5|0.5|0.5
s2_002338,safe,0.5|0.8|0.2|0.5|0.5
s2_002339,safe,1.0
s2_002340,safe,0.2|0.2|0.2|0.2|0.2|0.2|0.5|0.2
s2_002341,safe,0.5|0.5|0.8|0.5
s2_002342,safe,1.0
s2_002343,safe,1.0
s2_002344,safe,0.5|0.5|0.5
s2_002345,safe,0.5
s2_002346,safe,0.8|0.2|0.2|0.5
s2_002347,safe,0.5|0.8|0.5|0.5
s2_002348,safe,0.5|0.5|0.5|0.5
s2_002349,safe,1.0
s2_002350,safe,0.5|0.5|0.5|0.5|0.5
s2_002351,safe,1.0
s2_002352,safe,0.5|0.5|0.2|0.5|0.8
s2_002353,safe,0.5|0.5|0.5|0.5|1.0|0.5|0.5|0.5
s2_002354,safe,0.2|0.5|0.8|0.5|1.0
s2_002355,safe,0.5|1.0|0.5|0.5|0.5|0.5
s2_002356,safe,0.8|0.5|0.2|0.5
s2_002357,safe,1.0
s2_002358,safe,0.5|0.5|0.5|0.5|0.5
s2_002359,safe,0.5|0.8|0.8|0.8|0.8
s2_002360,safe,1.0
s2_002361,safe,0.5|0.2|0.2|0.2
s2_002362,safe,0.5|0.5|0.5|0.5
s2_002363,safe,0.5|0.5|0.5|0.5|0.5
s2_002364,safe,1.0
s2_002365,safe,0.5|0.8|0.5|0.5|0.5|0.5|0.5
s2_002366,safe,0.5|1.0|0.5
s2_002367,safe,0.5
s2_002368,safe,1.0
s2_002369,safe,0.5|0.2|0.2|0.2|0.2
s2_002370,safe,1.0
s2_002371,safe,1.0
s2_002372,safe,0.2|0.5
s2_002373,safe,0.8|0.8|0.5|0.5
s2_002374,safe,0.5|0.5|0.5|0.5|0.5|0.5
s2_002375,safe,0.5|0.2
s2_002376,safe,0.5
s2_002377,safe,0.5|0.5|0.5
s2_002378,safe,0.5|0.8|0.5|0.5
s2_002379,safe,0.2|0.2|0.5|0.2|0.2
s2_002380,safe,0.5|0.2|0.5|0.5|0.5
s2_002381,safe,0.5|0.5|0.5
s2_002382,safe,0.5|0.5|0.5|0.5|0.5
s2_002383,safe,0.5|0.5|0.5|0.2|0.2|0.2
s2_002384,safe,0.5|0.5|0.8|0.5
s2_002385,safe,0.5|0.5|0.5|0.5
s2_002386,safe,1.0
s2_002387,safe,0.5|0.2|0.5|0.8|0.2
s2_002388,safe,0.5|0.5
s2_002389,safe,0.5|0.8|0.5|0.5
s2_002390,safe,0.2|0.5|0.5|0.5
s2_002391,safe,0.2|0.2|0.2|0.2|0.2|0.2|0.2|0.5
s2_002392,safe,1.0
s2_002393,safe,0.5|0.5|0.5|0.5|0.5
s2_002394,safe,0.5|0.5|0.5|0.2|0.5
s2_002395,safe,0.5|0.5|0.5|0.8
s2_002396,safe,0.5|0.5|0.2|0.5
s2_002397,safe,0.5|0.5|0.2|0.2|0.5|0.2|0.5
s2_002398,safe,0.5|0.5|1.0
s2_002399,safe,1.0
s2_002400,safe,1.0
s2_002401,safe,0.5|0.2|0.5|0.2
s2_002402,safe,1.0
s2_002403,safe,0.5|0.5|0.5|0.5|0.5|0.5
s2_002404,safe,0.5|0.5|0.5|0.5
s2_002405,safe,0.2
s2_002406,safe,0.5|0.2|0.5|0.5|0.5
s2_002407,safe,0.5|0.5|0.5
s2_002408,safe,1.0
s2_002409,safe,0.5|0.5
s2_002410,safe,0.5|0.5|0.2|0.5|0.5|0.2
s2_002411,safe,1.0
s2_002412,safe,1.0
s2_002413,safe,0.5|0.8|0.5|0.8
s2_002414,safe,0.5|0.2|0.5|0.5
s2_002415,safe,1.0
s2_002416,safe,1.0
s2_002417,safe,0.5|0.5|0.5|0.5|0.5
s2_002418,safe,1.0
s2_002419,safe,0.2|0.5|0.5|0.2
s2_002420,safe,1.0|0.5
s2_002421,safe,0.5|0.8|0.2|0.2
s2_002422,safe,1.0
s2_002423,safe,0.2|0.2|0.2|0.2|0.5|0.2
s2_002424,safe,0.5|0.5|0.5|0.5
s2_002425,safe,0.5
s2_002426,safe,0.5|0.5|0.5|0.5|0.5
s2_002427,safe,0.5|0.5|0.5|0.5
s2_002428,safe,0.8|0.2|0.8|0.8
s2_002429,safe,0.5|0.5|0.5|0.5|0.5|0.5|0.5|0.5|1.0|0.5
s2_002430,safe,0.2|0.2|0.2|0.5|0.8|0.2|0.5
s2_002431,safe,0.5|0.5|0.5
s2_002432,safe,1.0
s2_002433,safe,1.0|0.5
s2_002434,safe,0.5|0.5|0.8|0.5
s2_002435,safe,0.2|1.0|0.2|0.2|0.2
s2_002436,safe,0.2|0.8|0.5|0.2|0.5|0.5
s2_002437,safe,0.2|0.5|0.5|0.2|0.5|0.5|0.5
s2_002438,safe,1.0
s2_002439,safe,0.5|0.5|0.8|0.2|0.5
s2_002440,safe,0.5|0.5|0.5|0.5|0.5
s2_002441,safe,0.5|0.5|0.5
s2_002442,safe,0.8
s2_002443,safe,1.0
s2_002444,safe,0.5|0.5|0.5|0.5
s2_002445,safe,0.5|0.5|0.5|0.5|0.8
s2_002446,safe,0.5|0.5|0.5|0.2|0.5
s2_002447,safe,0.5
s2_002448,safe,0.5|0.5|0.5|0.5|0.5
s2_002449,safe,1.0
s2_002450,safe,0.5|0.5|0.5
s2_002451,safe,0.8|0.5|0.8|0.8|0.5
s2_002452,safe,0.5|0.8|0.2|0.8
s2_002453,safe,0.2|0.2|0.5
s2_002454,safe,1.0
s2_002455,safe,1.0
s2_002456,safe,0.5|0.2|0.5|0.5|0.5
s2_002457,safe,0.5|0.5|0.2|0.2|0.5|0.5|0.5
s2_002458,safe,0.5|1.0|0.2|0.2
s2_002459,safe,0.5|0.5|0.2|0.5|0.2|0.5
s2_002460,safe,0.5|0.5|0.5|0.5|0.5
s2_002461,safe,0.5|0.5|0.5|0.5|0.5|0.5
s2_002462,safe,0.8|0.8|0.8|0.5
s2_002463,safe,1.0
s2_002464,safe,0.2|0.5|0.2|0.2|0.2|0.2
s2_002465,safe,0.5|0.5|0.2
s2_002466,safe,0.2|0.5|0.5|0.5|0.5
s2_002467,safe,0.5|0.2|0.2|1.0|0.5
s2_002468,safe,0.5|0.2|0.2|0.2|0.2
s2_002469,safe,0.5|0.2|0.5
s2_002470,safe,0.2|0.5|0.5|0.8|0.5
s2_002471,safe,0.5|0.2|0.5|0.5
s2_002472,safe,0.5|0.5|0.5|0.5|0.5
s2_002473,safe,0.5|0.2|0.5|0.8|0.5|0.5|1.0
s2_002474,safe,0.8|0.5|0.8|0.8
s2_002475,safe,1.0
s2_002476,safe,0.5|0.5|0.5|0.5|0.5|0.5
s2_002477,safe,0.5|0.5|0.5|0.2
s2_002478,safe,1.0
s2_002479,safe,0.8|0.5|0.5|0.5|0.5
s2_002480,safe,0.5|0.5|1.0|1.0
s2_002481,safe,1.0
s2_002482,safe,0.5
s2_002483,safe,0.5|0.5|0.5|0.5|0.5
s2_002484,safe,1.0
s2_002485,safe,0.5|0.2|0.5|0.5|0.5|0.2
s2_002486,safe,0.5|0.5|0.5|0.5|0.5
s2_002487,safe,1.0
s2_002488,safe,0.2|0.5|0.5|0.5
s2_002489,safe,0.5|0.5|0.5
s2_002490,safe,1.0
s2_002491,safe,0.5|0.5|0.5|0.8
s2_002492,safe,1.0
s2_002493,safe,0.2|0.2|0.2
s2_002494,safe,0.5|0.5|0.5|0.5
s2_002495,safe,0.8|0.5|0.5|0.2
s2_002496,safe,1.0
s2_002497,safe,0.5
s2_002498,safe,0.5
s2_002499,safe,0.5|0.5|0.5|0.5|0.5|0.5|0.5
s2_002500,safe,0.5|0.5|0.5|0.5
s2_002501,safe,0.8|0.8|0.5|0.8
s2_002502,safe,0.2|0.5|0.5|0.5|1.0
s2_002503,safe,0.5|1.0|1.0|1.0|0.8
s2_002504,safe,0.5|0.5|0.5|0.5
s2_002505,safe,0.5|0.5|0.5
s2_002506,safe,0.5|0.5
s2_002507,safe,0.5|0.5|0.5|0.5|0.5|0.5
s2_002508,safe,1.0
s2_002509,safe,0.5|0.5|0.5|0.5
s2_002510,safe,1.0
s2_002511,safe,0.5|0.5|0.5|0.5|0.5
s2_002512,safe,0.2
s2_002513,safe,0.5
s2_002514,safe,0.5|0.5|0.5|0.8
s2_002515,safe,1.0
s2_002516,safe,0.2|0.5|0.2|0.5|0.5
s2_002517,safe,0.5|0.5|0.5|0.5|0.2|0.2
s2_002518,safe,0.5|0.5|0.8|0.8
s2_002519,safe,0.5|0.5|0.8|0.5
s2_002520,safe,1.0|0.5
s2_002521,safe,1.0
s2_002522,safe,0.2|0.2|0.5|0.2|0.5|0.5
s2_002523,safe,1.0
s2_002524,safe,0.8|0.2|0.2|0.5|0.5
s2_002525,safe,0.2|0.5|0.5|0.5
s2_002526,safe,0.5|0.5|0.8|0.5
s2_002527,safe,0.2|0.5
s2_002528,safe,0.5|0.5
s2_002529,safe,0.5|0.5|0.5|0.5
s2_002530,safe,1.0
s2_002531,safe,0.2|0.2|0.5|0.5|0.5
s2_002532,safe,0.5|0.5
s2_002533,safe,0.5|0.5|0.5|0.5
s2_002534,safe,1.0
s2_002535,safe,1.0
s2_002536,safe,0.2|0.2|0.5|0.8|1.0
s2_002537,safe,0.5|0.5|0.5|0.5|0.5|0.5
s2_002538,safe,0.5|0.2
s2_002539,safe,0.5|0.5|0.8|0.5|0.5|0.5
s2_002540,safe,1.0
s2_002541,safe,0.5
s2_002542,safe,0.5|0.5|0.5|0.8
s2_002543,safe,0.5|0.5|0.5|0.5|0.5
s2_002544,safe,0.8|0.5|0.2|1.0|0.5|0.2
s2_002545,safe,1.0
s2_002546,safe,1.0
s2_002547,safe,0.5|0.5|0.5|0.5|0.2
s2_002548,safe,0.5
s2_002549,safe,0.5
s2_002550,safe,0.5|0.5|0.5|0.5|0.5
s2_002551,safe,0.5|0.2|0.5|0.5
s2_002552,safe,0.5|0.5|0.5|0.5
s2_002553,safe,0.5|0.2|0.5|0.5|0.8
s2_002554,safe,0.5|0.5|0.5|0.5|0.5
s2_002555,safe,0.5|0.5|0.5|0.2|0.5|0.5|0.5
s2_002556,safe,0.2|0.2|0.2|0.5|0.5|0.5|0.2|0.2|0.2|0.5
s2_002557,safe,0.2|0.2|0.5|0.2|0.5|0.5
s2_002558,safe,1.0
s2_002559,safe,0.5|0.5|0.5|0.5|0.5
s2_002560,safe,0.2|0.2|0.2|0.2
s2_002561,safe,1.0
s2_002562,safe,0.5
s2_002563,safe,0.5|0.8|0.5
s2_002564,safe,0.5|0.2|0.5|0.5|0.5
s2_002565,safe,0.5|0.8|0.5|0.5|0.8
s2_002566,safe,0.5|0.5|0.5|0.5|0.5
s2_002567,safe,0.5|0.5|0.5|0.5|0.5
s2_002568,safe,1.0
s2_002569,safe,0.5|0.5|0.2|0.5|0.2
s2_002570,safe,1.0
s2_002571,safe,0.5
s2_002572,safe,0.5|0.5|0.5
s2_002573,safe,0.5|1.0|0.5|1.0
s2_002574,safe,1.0
s2_002575,safe,0.5
s2_002576,safe,0.5|0.5|0.5|0.2
s2_002577,safe,0.2|0.2
s2_002578,safe,0.5|0.5|0.5|0.5|0.5
s2_002579,safe,0.5|0.5|0.5|0.5|0.5|0.5
s2_002580,safe,0.8|0.5|0.5|1.0
s2_002581,safe,0.5|0.5|0.5|0.5
s2_002582,safe,0.5|0.5|0.5|0.5|0.5
s2_002583,safe,0.2|0.5|0.5|0.5|0.5|0.5
s2_002584,safe,1.0
s2_002585,safe,0.5|0.5|0.5
s2_002586,safe,0.5|0.8|1.0|1.0|0.5
s2_002587,safe,0.5|0.2|0.5|0.2|0.2
s2_002588,safe,0.5|0.5
s2_002589,safe,1.0
s2_002590,safe,0.5|0.5|0.5|0.5|0.5
s2_002591,safe,1.0
s2_002592,safe,1.0
s2_002593,safe,0.5|0.5|0.8|0.5|0.8|0.5|0.5
s2_002594,safe,0.2|0.5|0.5|0.2
s2_002595,safe,1.0
s2_002596,safe,1.0
s2_002597,safe,0.5|1.0|0.5
s2_002598,safe,1.0
s2_002599,safe,1.0
s2_002600,safe,1.0
s2_002601,safe,1.0
s2_002602,safe,1.0
s2_002603,safe,0.5|0.5|0.5|0.5|0.5
s2_002604,safe,0.5|0.5|0.2|0.5
s2_002605,safe,0.5|0.5|0.5|0.5
s2_002606,safe,0.5|0.5|0.5|0.5
s2_002607,safe,0.5|0.5|0.5|0.5|0.5|0.5|0.5
s2_002608,safe,0.5
s2_002609,safe,0.5|0.2|0.5|0.5|0.5|0.2|0.2|0.2|0.2|0.5|0.5
s2_002610,safe,0.5|0.5|0.5|0.5
s2_002611,safe,0.2
s2_002612,safe,0.5|0.5|0.5|0.8
s2_002613,safe,1.0
s2_002614,safe,0.5|0.5|0.5|0.5|0.5
s2_002615,safe,0.5|0.5|0.5
s2_002616,safe,0.5|0.2|0.5|0.5|0.5
s2_002617,safe,0.5|0.5|0.5|0.5|0.2
s2_002618,safe,0.5|0.5|0.5|0.8|0.8
s2_002619,safe,0.5|0.5|0.5
s2_002620,safe,1.0|0.5|0.5|0.5|0.5
s2_002621,safe,0.2|0.2|0.5|0.8|0.5
s2_002622,safe,0.5|0.8|0.8|0.5|0.8
s2_002623,safe,1.0
s2_002624,safe,1.0
s2_002625,safe,0.2|0.8|0.2|0.8|0.5
s2_002626,safe,0.5|0.2|0.5|0.5
s2_002627,safe,0.2|0.5|0.5|0.5|0.5|1.0
s2_002628,safe,0.5|0.5|0.5|0.5
s2_002629,safe,1.0
s2_002630,safe,1.0
s2_002631,safe,1.0
s2_002632,safe,0.5|0.5|0.5|0.8
s2_002633,unsafe,0.5
s2_002634,safe,0.5|0.5|0.5|0.5
s2_002635,safe,1.0
s2_002636,safe,0.5|0.5|0.5|0.5
s2_002637,safe,0.2|0.2
s2_002638,safe,0.5|0.5|0.5|0.5|0.5|0.5
s2_002639,safe,0.5|0.5|0.5
s2_002640,safe,0.5|0.5|0.5|0.5|0.5
s2_002641,safe,0.5|1.0|1.0|1.0
s2_002642,safe,0.5|0.5|0.8|0.5
s2_002643,safe,0.5|0.5|0.5|0.5|0.5|0.5
s2_002644,safe,1.0
s2_002645,safe,0.2|0.2|0.2|0.5|0.2
s2_002646,safe,0.5
s2_002647,safe,1.0
s2_002648,safe,0.5|0.2|0.5|0.5
s2_002649,safe,0.5|0.5|0.5
s2_002650,safe,0.8|0.5|0.5|0.5
s2_002651,safe,0.5|0.5
s2_002652,safe,0.5
s2_002653,safe,1.0
s2_002654,safe,0.5|0.5|0.5|0.5
s2_002655,safe,0.5|0.2|0.5|0.8|0.8
s2_002656,safe,0.8|0.5|0.5|0.5|0.5|0.8|0.8|0.5
s2_002657,safe,1.0
s2_002658,safe,0.5|0.5|0.8|0.8|0.5
s2_002659,safe,1.0
s2_002660,safe,1.0
s2_002661,safe,0.2|0.5|0.5|0.2|0.2
s2_002662,safe,0.5|0.5|0.5
s2_002663,safe,1.0
s2_002664,safe,0.5|0.5|0.5|0.5|0.5|1.0
s2_002665,safe,0.5|0.2|0.8|0.5|0.8
s2_002666,safe,0.5|0.8|0.5|0.5|0.8
s2_002667,safe,0.5|1.0|0.5
s2_002668,safe,0.5|0.5|0.5|0.5|0.5
s2_002669,safe,0.2|0.5|0.5|0.5|0.5|0.2|0.2|0.5
s2_002670,safe,0.5|0.8|0.5|0.2|0.5|0.2
s2_002671,safe,0.5|0.5|0.5|0.5
s2_002672,safe,0.5|0.5|0.8|0.8
s2_002673,safe,0.5|0.5|0.2|0.8
s2_002674,safe,0.5|0.5|0.5|0.5
s2_002675,safe,0.5|0.2|0.2|0.8
s2_002676,safe,0.5|0.2|0.5|1.0
s2_002677,safe,0.5|0.5|0.5|0.8|0.5|0.5
s2_002678,safe,0.5|0.5|0.5|1.0
s2_002679,safe,1.0
s2_002680,safe,0.5|0.5|0.5|0.5|0.5
s2_002681,safe,0.5
s2_002682,safe,0.5|0.5|0.5|0.5|0.5|0.8|0.5|0.5|0.8|0.8
s2_002683,safe,0.5|0.5|0.5|0.5
s2_002684,safe,0.2|0.5|0.5|0.5|0.5
s2_002685,safe,0.5|0.5|0.5
s2_002686,safe,0.5|0.2|0.5|0.5
s2_002687,safe,0.5|0.5
s2_002688,safe,0.5|0.5|0.8|0.2
s2_002689,safe,0.5|0.8|0.5|0.5
s2_002690,safe,0.5|0.5|0.8|0.8
s2_002691,safe,0.5|0.2|0.5|0.2|0.2|0.2|0.2|0.2|0.5|0.5|0.5
s2_002692,safe,0.5|0.5|0.5
s2_002693,unsafe,0.5|0.5|0.5
s2_002694,safe,1.0
s2_002695,safe,0.5
s2_002696,safe,1.0
s2_002697,safe,0.5|0.5|0.5|0.5
s2_002698,safe,0.5
s2_002699,safe,0.2|0.5|0.8|0.5|0.2|0.5
s2_002700,safe,1.0|0.5
s2_002701,safe,0.5|0.2
s2_002702,safe,0.2|0.2|0.5|0.2|0.5|0.2|0.5
s2_002703,safe,0.8|0.5|0.2|0.8
s2_002704,safe,0.5|0.5|0.2|0.5|0.5|0.2|0.2|0.2|0.5
s2_002705,safe,1.0
s2_002706,safe,0.5|0.5|0.5|0.5
s2_002707,safe,0.8|0.5|0.2|0.5|0.2
s2_002708,safe,0.5|0.5|0.8|0.5|0.5
s2_002709,safe,0.2|0.5|0.5|0.5
s2_002710,safe,0.5|0.5|0.5|0.5|0.5|0.5|0.5|0.5
s2_002711,safe,1.0
s2_002712,safe,1.0
s2_002713,safe,0.5|0.2|0.5|0.2|0.5
s2_002714,safe,0.5|0.2|0.2|0.5|0.2
s2_002715,safe,0.5|0.2|0.2|0.2|1.0|0.2
s2_002716,safe,0.5|0.5|0.5|0.5|0.5|0.5|0.5
s2_002717,safe,0.5|0.5|0.5|0.5
s2_002718,safe,0.5|0.5|0.5|0.5|0.5
s2_002719,safe,0.5|0.2|0.2|0.5
s2_002720,safe,0.8|0.5|0.5|0.8
s2_002721,unsafe,0.5|0.5|0.5
s2_002722,safe,1.0
s2_002723,safe,1.0
s2_002724,safe,0.5|0.2|0.5|0.5
s2_002725,safe,0.5|0.5|0.5|0.5|0.5
s2_002726,safe,1.0
s2_002727,safe,0.5
s2_002728,safe,0.2|0.5|0.5|0.5
s2_002729,safe,1.0|0.2|0.5
s2_002730,safe,1.0
s2_002731,safe,0.5|0.5|0.5|0.5|0.5
s2_002732,safe,1.0
s2_002733,safe,0.5|0.5|0.5|0.5|0.5
s2_002734,safe,0.2
s2_002735,safe,1.0
s2_002736,safe,0.5|0.5|0.5|0.5|0.5|0.5
s2_002737,safe,1.0
s2_002738,safe,1.0
s2_002739,safe,0.5|0.5|0.5|0.2|0.5|0.8
s2_002740,safe,0.5|0.5|0.5
s2_002741,safe,0.5|0.2|0.2|0.8|0.2
s2_002742,safe,0.2|0.5|0.5|0.5|0.5
s2_002743,safe,0.5|0.8|0.2|0.5
s2_002744,safe,1.0
s2_002745,safe,0.5
s2_002746,safe,0.5|0.5|0.5|0.5
s2_002747,safe,1.0
s2_002748,safe,0.2|0.8|0.2
s2_002749,safe,0.5
s2_002750,safe,1.0
s2_002751,safe,1.0
s2_002752,safe,0.5|1.0|0.5
s2_002753,safe,0.5|0.5|0.5|0.5|0.5
s2_002754,safe,0.5|0.8|0.8|0.2
s2_002755,safe,0.5|0.5|0.8|0.5|0.8|0.5
s2_002756,safe,0.5|0.2
s2_002757,safe,0.5|0.5|0.5|0.5|0.5
s2_002758,safe,1.0
s2_002759,safe,0.2|0.5|0.5|0.5|0.5
s2_002760,safe,1.0
s2_002761,safe,0.2|0.5|0.2|0.5|0.5|0.5
s2_002762,safe,0.5|0.5|0.5
s2_002763,safe,0.2|0.2|0.5
s2_002764,safe,0.2|0.5|0.2
s2_002765,safe,0.5|0.2|0.5|0.5|0.5
s2_002766,safe,0.2|0.5|0.5|0.5|0.2
s2_002767,safe,0.8|0.8|0.5|0.5|0.8
s2_002768,safe,0.5|0.5|0.5|0.5
s2_002769,safe,0.5|0.2|0.2|0.5|0.5|0.5|0.5
s2_002770,safe,0.5|0.5|0.2
s2_002771,safe,1.0
s2_002772,safe,1.0
s2_002773,safe,0.5|0.5|0.2|0.2|0.5|0.2
s2_002774,safe,0.5|0.5|0.5|0.2|0.5|0.2
s2_002775,safe,0.5|0.5|0.5|0.5|0.5|0.5
s2_002776,unsafe,0.5|0.2|0.2
s2_002777,safe,0.5|0.5|0.5|0.5|0.5|0.5|0.5
s2_002778,safe,0.5|0.2|0.2|0.8
s2_002779,safe,0.5|0.5|0.5|0.5|0.5
s2_002780,safe,0.5|0.5|0.5|0.8
s2_002781,safe,0.5|0.5|0.5|0.5|0.8
s2_002782,safe,0.5|0.8|0.2|0.8
s2_002783,safe,0.8
s2_002784,safe,0.5|0.5|0.2|0.5
s2_002785,safe,1.0
s2_002786,safe,0.5|0.5|0.5|0.2
s2_002787,safe,0.5|0.5|1.0
s2_002788,safe,1.0
s2_002789,safe,0.5|0.5|0.5|0.5|0.5
s2_002790,safe,0.8|0.5|0.5|0.5|0.2|0.5|0.2|0.2|0.5
s2_002791,safe,0.2|0.2|0.2|0.8
s2_002792,safe,0.5|0.5|0.5|0.5
s2_002793,safe,1.0
s2_002794,safe,1.0
s2_002795,safe,0.5|0.8|0.5|0.5
s2_002796,safe,0.5|0.2|0.2|0.2|0.5|0.5
s2_002797,safe,1.0|0.8|1.0
s2_002798,safe,1.0|0.5|0.5
s2_002799,safe,0.5|0.5|0.5|0.5|0.2|0.5|0.5|0.5
s2_002800,safe,0.8|1.0|1.0
s2_002801,safe,0.5|0.5
s2_002802,safe,0.5|0.2|0.5|0.5|0.5|0.5|0.2
s2_002803,safe,0.2|0.2|0.2
s2_002804,safe,1.0
s2_002805,safe,0.5|0.5|0.5|0.5|0.5|0.2
s2_002806,safe,1.0
s2_002807,safe,0.2|0.5|0.2|0.5
s2_002808,safe,0.5|0.5|0.5|0.5
s2_002809,safe,1.0
s2_002810,safe,0.5|0.5|0.5|0.5|0.5|0.5|0.5
s2_002811,safe,1.0
s2_002812,safe,0.2|0.5|0.2|0.2|0.5
s2_002813,safe,0.2|1.0|0.2
s2_002814,safe,1.0
s2_002815,safe,0.5|0.2|0.2
s2_002816,safe,0.5|0.5|0.5|0.8|0.5
s2_002817,safe,1.0
s2_002818,safe,1.0
s2_002819,safe,0.2|0.5|0.5|0.5|0.2
s2_002820,safe,0.5|0.5|0.5|0.5|0.5
s2_002821,safe,0.5|0.2|0.5|0.2|0.5|0.5|0.2
s2_002822,safe,1.0
s2_002823,safe,0.5|0.8|0.8|0.2|0.5|0.5|0.8|0.5|0.5|0.5
s2_002824,safe,0.5|0.5|0.5|0.5|0.2|0.2
s2_002825,safe,0.2|0.8|0.8|0.5
s2_002826,safe,1.0
s2_002827,safe,0.5|0.5|0.5|0.5
s2_002828,safe,0.2|0.5|0.2|0.5|0.2|0.5|0.5
s2_002829,safe,0.5|0.5|0.5|0.5|0.5
s2_002830,safe,0.5|0.2
s2_002831,safe,0.5|0.5|0.5
s2_002832,safe,1.0
s2_002833,safe,0.2|0.2|0.2|0.5
s2_002834,safe,1.0
s2_002835,safe,0.2|0.5|0.5|0.5
