ID,label
s1_000001,ai
s1_000002,ai
s1_000003,human
s1_000004,human
s1_000005,human
s1_000006,ai
s1_000007,ai
s1_000008,ai
s1_000009,ai
s1_000010,ai
s1_000011,ai
s1_000012,ai
s1_000013,ai
s1_000014,human
s1_000015,ai
s1_000016,human
s1_000017,human
s1_000018,human
s1_000019,human
s1_000020,human
s1_000021,ai
s1_000022,ai
s1_000023,ai
s1_000024,ai
s1_000025,human
s1_000026,human
s1_000027,ai
s1_000028,ai
s1_000029,human
s1_000030,ai
s1_000031,human
s1_000032,ai
s1_000033,human
s1_000034,human
s1_000035,ai
s1_000036,ai
s1_000037,ai
s1_000038,human
s1_000039,ai
s1_000040,ai
s1_000041,ai
s1_000042,human
s1_000043,ai
s1_000044,ai
s1_000045,human
s1_000046,human
s1_000047,human
s1_000048,ai
s1_000049,ai
s1_000050,ai
s1_000051,ai
s1_000052,ai
s1_000053,human
s1_000054,human
s1_000055,human
s1_000056,human
s1_000057,human
s1_000058,ai
s1_000059,human
s1_000060,human
s1_000061,ai
s1_000062,ai
s1_000063,human
s1_000064,human
s1_000065,ai
s1_000066,ai
s1_000067,ai
s1_000068,ai
s1_000069,ai
s1_000070,human
s1_000071,ai
s1_000072,ai
s1_000073,human
s1_000074,human
s1_000075,ai
s1_000076,human
s1_000077,human
s1_000078,ai
s1_000079,ai
s1_000080,human
s1_000081,human
s1_000082,ai
s1_000083,human
s1_000084,ai
s1_000085,ai
s1_000086,human
s1_000087,ai
s1_000088,human
s1_000089,human
s1_000090,human
s1_000091,ai
s1_000092,ai
s1_000093,ai
s1_000094,ai
s1_000095,ai
s1_000096,ai
s1_000097,human
s1_000098,human
s1_000099,ai
s1_000100,human
s1_000101,human
s1_000102,human
s1_000103,human
s1_000104,ai
s1_000105,ai
s1_000106,ai
s1_000107,human
s1_000108,human
s1_000109,ai
s1_000110,ai
s1_000111,human
s1_000112,human
s1_000113,ai
s1_000114,human
s1_000115,human
s1_000116,ai
s1_000117,human
s1_000118,ai
s1_000119,ai
s1_000120,human
s1_000121,ai
s1_000122,human
s1_000123,ai
s1_000124,human
s1_000125,ai
s1_000126,ai
s1_000127,human
s1_000128,ai
s1_000129,ai
s1_000130,human
s1_000131,ai
s1_000132,ai
s1_000133,human
s1_000134,ai
s1_000135,ai
s1_000136,ai
s1_000137,human
s1_000138,ai
s1_000139,human
s1_000140,human
s1_000141,human
s1_000142,human
s1_000143,ai
s1_000144,ai
s1_000145,ai
s1_000146,ai
s1_000147,ai
s1_000148,human
s1_000149,ai
s1_000150,ai
s1_000151,human
s1_000152,human
s1_000153,human
s1_000154,ai
s1_000155,ai
s1_000156,human
s1_000157,human
s1_000158,ai
s1_000159,human
s1_000160,ai
s1_000161,human
s1_000162,ai
s1_000163,ai
s1_000164,human
s1_000165,ai
s1_000166,human
s1_000167,ai
s1_000168,human
s1_000169,ai
s1_000170,ai
s1_000171,ai
s1_000172,ai
s1_000173,human
s1_000174,ai
s1_000175,ai
s1_000176,human
s1_000177,ai
s1_000178,human
s1_000179,ai
s1_000180,ai
s1_000181,ai
s1_000182,human
s1_000183,human
s1_000184,human
s1_000185,ai
s1_000186,human
s1_000187,human
s1_000188,ai
s1_000189,human
s1_000190,human
s1_000191,ai
s1_000192,human
s1_000193,ai
s1_000194,human
s1_000195,ai
s1_000196,human
s1_000197,human
s1_000198,ai
s1_000199,human
s1_000200,ai
s1_000201,ai
s1_000202,ai
s1_000203,ai
s1_000204,human
s1_000205,human
s1_000206,human
s1_000207,human
s1_000208,human
s1_000209,human
s1_000210,human
s1_000211,ai
s1_000212,human
s1_000213,ai
s1_000214,human
s1_000215,human
s1_000216,human
s1_000217,human
s1_000218,human
s1_000219,human
s1_000220,ai
s1_000221,human
s1_000222,ai
s1_000223,ai
s1_000224,ai
s1_000225,human
s1_000226,ai
s1_000227,ai
s1_000228,human
s1_000229,ai
s1_000230,ai
s1_000231,human
s1_000232,ai
s1_000233,human
s1_000234,ai
s1_000235,ai
s1_000236,ai
s1_000237,human
s1_000238,ai
s1_000239,human
s1_000240,ai
s1_000241,human
s1_000242,ai
s1_000243,human
s1_000244,ai
s1_000245,human
s1_000246,ai
s1_000247,ai
s1_000248,human
s1_000249,ai
s1_000250,ai
s1_000251,human
s1_000252,human
s1_000253,human
s1_000254,ai
s1_000255,ai
s1_000256,human
s1_000257,ai
s1_000258,ai
s1_000259,human
s1_000260,human
s1_000261,ai
s1_000262,ai
s1_000263,human
s1_000264,ai
s1_000265,human
s1_000266,ai
s1_000267,human
s1_000268,ai
s1_000269,human
s1_000270,ai
s1_000271,ai
s1_000272,human
s1_000273,human
s1_000274,human
s1_000275,human
s1_000276,ai
s1_000277,human
s1_000278,human
s1_000279,human
s1_000280,ai
s1_000281,ai
s1_000282,ai
s1_000283,human
s1_000284,ai
s1_000285,human
s1_000286,human
s1_000287,human
s1_000288,ai
s1_000289,ai
s1_000290,human
s1_000291,human
s1_000292,ai
s1_000293,human
s1_000294,human
s1_000295,ai
s1_000296,human
s1_000297,human
s1_000298,human
s1_000299,ai
s1_000300,human
s1_000301,ai
s1_000302,human
s1_000303,ai
s1_000304,human
s1_000305,human
s1_000306,ai
s1_000307,human
s1_000308,ai
s1_000309,ai
s1_000310,human
s1_000311,human
s1_000312,ai
s1_000313,human
s1_000314,ai
s1_000315,human
s1_000316,human
s1_000317,human
s1_000318,ai
s1_000319,ai
s1_000320,human
s1_000321,ai
s1_000322,ai
s1_000323,ai
s1_000324,ai
s1_000325,ai
s1_000326,ai
s1_000327,ai
s1_000328,ai
s1_000329,ai
s1_000330,human
s1_000331,ai
s1_000332,human
s1_000333,ai
s1_000334,ai
s1_000335,ai
s1_000336,ai
s1_000337,ai
s1_000338,human
s1_000339,human
s1_000340,ai
s1_000341,human
s1_000342,human
s1_000343,human
s1_000344,human
s1_000345,human
s1_000346,ai
s1_000347,human
s1_000348,ai
s1_000349,ai
s1_000350,ai
s1_000351,human
s1_000352,ai
s1_000353,human
s1_000354,ai
s1_000355,ai
s1_000356,human
s1_000357,human
s1_000358,ai
s1_000359,human
s1_000360,ai
s1_000361,human
s1_000362,human
s1_000363,human
s1_000364,human
s1_000365,ai
s1_000366,ai
s1_000367,ai
s1_000368,ai
s1_000369,human
s1_000370,human
s1_000371,ai
s1_000372,ai
s1_000373,human
s1_000374,ai
s1_000375,ai
s1_000376,human
s1_000377,ai
s1_000378,ai
s1_000379,human
s1_000380,ai
s1_000381,human
s1_000382,human
s1_000383,ai
s1_000384,human
s1_000385,human
s1_000386,human
s1_000387,human
s1_000388,human
s1_000389,human
s1_000390,ai
s1_000391,human
s1_000392,ai
s1_000393,ai
s1_000394,human
s1_000395,ai
s1_000396,human
s1_000397,human
s1_000398,human
s1_000399,ai
s1_000400,ai
s1_000401,human
s1_000402,ai
s1_000403,human
s1_000404,ai
s1_000405,ai
s1_000406,ai
s1_000407,human
s1_000408,ai
s1_000409,human
s1_000410,human
s1_000411,ai
s1_000412,human
s1_000413,human
s1_000414,human
s1_000415,ai
s1_000416,ai
s1_000417,human
s1_000418,ai
s1_000419,ai
s1_000420,ai
s1_000421,ai
s1_000422,ai
s1_000423,ai
s1_000424,human
s1_000425,human
s1_000426,ai
s1_000427,ai
s1_000428,human
s1_000429,human
s1_000430,ai
s1_000431,human
s1_000432,human
s1_000433,human
s1_000434,ai
s1_000435,ai
s1_000436,human
s1_000437,ai
s1_000438,human
s1_000439,ai
s1_000440,human
s1_000441,human
s1_000442,ai
s1_000443,ai
s1_000444,human
s1_000445,ai
s1_000446,human
s1_000447,ai
s1_000448,human
s1_000449,human
s1_000450,ai
s1_000451,human
s1_000452,ai
s1_000453,human
s1_000454,human
s1_000455,ai
s1_000456,human
s1_000457,ai
s1_000458,human
s1_000459,ai
s1_000460,ai
s1_000461,ai
s1_000462,human
s1_000463,ai
s1_000464,ai
s1_000465,ai
s1_000466,human
s1_000467,ai
s1_000468,human
s1_000469,human
s1_000470,ai
s1_000471,ai
s1_000472,ai
s1_000473,ai
s1_000474,human
s1_000475,ai
s1_000476,human
s1_000477,human
s1_000478,ai
s1_000479,ai
s1_000480,human
s1_000481,ai
s1_000482,human
s1_000483,ai
s1_000484,human
s1_000485,human
s1_000486,ai
s1_000487,ai
s1_000488,ai
s1_000489,ai
s1_000490,human
s1_000491,human
s1_000492,human
s1_000493,human
s1_000494,ai
s1_000495,human
s1_000496,human
s1_000497,ai
s1_000498,human
s1_000499,human
s1_000500,human
s1_000501,ai
s1_000502,human
s1_000503,human
s1_000504,ai
s1_000505,ai
s1_000506,ai
s1_000507,human
s1_000508,ai
s1_000509,human
s1_000510,ai
s1_000511,ai
s1_000512,ai
s1_000513,ai
s1_000514,ai
s1_000515,ai
s1_000516,ai
s1_000517,human
s1_000518,ai
s1_000519,human
s1_000520,ai
s1_000521,ai
s1_000522,human
s1_000523,human
s1_000524,ai
s1_000525,human
s1_000526,human
s1_000527,ai
s1_000528,ai
s1_000529,ai
s1_000530,ai
s1_000531,ai
s1_000532,human
s1_000533,ai
s1_000534,human
s1_000535,human
s1_000536,human
s1_000537,ai
s1_000538,human
s1_000539,ai
s1_000540,human
s1_000541,ai
s1_000542,human
s1_000543,ai
s1_000544,ai
s1_000545,human
s1_000546,human
s1_000547,human
s1_000548,human
s1_000549,human
s1_000550,ai
s1_000551,ai
s1_000552,ai
s1_000553,ai
s1_000554,ai
s1_000555,human
s1_000556,human
s1_000557,human
s1_000558,ai
s1_000559,human
s1_000560,ai
s1_000561,ai
s1_000562,ai
s1_000563,human
s1_000564,ai
s1_000565,ai
s1_000566,ai
s1_000567,human
s1_000568,human
s1_000569,ai
s1_000570,human
s1_000571,ai
s1_000572,ai
s1_000573,ai
s1_000574,ai
s1_000575,human
s1_000576,ai
s1_000577,human
s1_000578,human
s1_000579,human
s1_000580,human
s1_000581,human
s1_000582,ai
s1_000583,ai
s1_000584,ai
s1_000585,ai
s1_000586,ai
s1_000587,human
s1_000588,ai
s1_000589,ai
s1_000590,ai
s1_000591,human
s1_000592,human
s1_000593,human
s1_000594,human
s1_000595,ai
s1_000596,human
s1_000597,ai
s1_000598,human
s1_000599,human
s1_000600,ai
s1_000601,ai
s1_000602,ai
s1_000603,ai
s1_000604,ai
s1_000605,ai
s1_000606,ai
s1_000607,ai
s1_000608,human
s1_000609,ai
s1_000610,ai
s1_000611,ai
s1_000612,ai
s1_000613,ai
s1_000614,ai
s1_000615,human
s1_000616,human
s1_000617,ai
s1_000618,human
s1_000619,human
s1_000620,human
s1_000621,ai
s1_000622,ai
s1_000623,ai
s1_000624,ai
s1_000625,ai
s1_000626,ai
s1_000627,ai
s1_000628,ai
s1_000629,ai
s1_000630,ai
s1_000631,ai
s1_000632,ai
s1_000633,human
s1_000634,human
s1_000635,ai
s1_000636,human
s1_000637,human
s1_000638,ai
s1_000639,ai
s1_000640,human
s1_000641,ai
s1_000642,ai
s1_000643,ai
s1_000644,ai
s1_000645,human
s1_000646,ai
s1_000647,human
s1_000648,human
s1_000649,ai
s1_000650,human
s1_000651,ai
s1_000652,ai
s1_000653,ai
s1_000654,human
s1_000655,human
s1_000656,human
s1_000657,human
s1_000658,ai
s1_000659,human
s1_000660,human
s1_000661,ai
s1_000662,ai
s1_000663,ai
s1_000664,ai
s1_000665,ai
s1_000666,human
s1_000667,ai
s1_000668,ai
s1_000669,human
s1_000670,ai
s1_000671,human
s1_000672,ai
s1_000673,human
s1_000674,human
s1_000675,human
s1_000676,human
s1_000677,human
s1_000678,human
s1_000679,ai
s1_000680,ai
s1_000681,human
s1_000682,ai
s1_000683,ai
s1_000684,ai
s1_000685,ai
s1_000686,human
s1_000687,ai
s1_000688,ai
s1_000689,human
s1_000690,human
s1_000691,ai
s1_000692,human
s1_000693,human
s1_000694,ai
s1_000695,human
s1_000696,human
s1_000697,human
s1_000698,ai
s1_000699,ai
s1_000700,human
s1_000701,human
s1_000702,ai
s1_000703,ai
s1_000704,human
s1_000705,human
s1_000706,ai
s1_000707,human
s1_000708,human
s1_000709,human
s1_000710,ai
s1_000711,human
s1_000712,human
s1_000713,ai
s1_000714,human
s1_000715,ai
s1_000716,ai
s1_000717,ai
s1_000718,human
s1_000719,ai
s1_000720,ai
s1_000721,ai
s1_000722,human
s1_000723,ai
s1_000724,ai
s1_000725,ai
s1_000726,ai
s1_000727,human
s1_000728,ai
s1_000729,ai
s1_000730,ai
s1_000731,ai
s1_000732,human
s1_000733,ai
s1_000734,human
s1_000735,ai
s1_000736,human
s1_000737,ai
s1_000738,ai
s1_000739,ai
s1_000740,ai
s1_000741,human
s1_000742,ai
s1_000743,human
s1_000744,ai
s1_000745,human
s1_000746,human
s1_000747,human
s1_000748,human
s1_000749,ai
s1_000750,ai
s1_000751,ai
s1_000752,human
s1_000753,human
s1_000754,human
s1_000755,human
s1_000756,ai
s1_000757,human
s1_000758,human
s1_000759,ai
s1_000760,human
s1_000761,ai
s1_000762,ai
s1_000763,ai
s1_000764,human
s1_000765,ai
s1_000766,ai
s1_000767,ai
s1_000768,ai
s1_000769,human
s1_000770,human
s1_000771,human
s1_000772,ai
s1_000773,human
s1_000774,ai
s1_000775,human
s1_000776,human
s1_000777,human
s1_000778,ai
s1_000779,human
s1_000780,ai
s1_000781,ai
s1_000782,human
s1_000783,ai
s1_000784,ai
s1_000785,human
s1_000786,human
s1_000787,ai
s1_000788,ai
s1_000789,human
s1_000790,ai
s1_000791,human
s1_000792,human
s1_000793,human
s1_000794,human
s1_000795,ai
s1_000796,human
s1_000797,human
s1_000798,ai
s1_000799,ai
s1_000800,ai
s1_000801,human
s1_000802,ai
s1_000803,ai
s1_000804,human
s1_000805,human
s1_000806,human
s1_000807,human
s1_000808,human
s1_000809,ai
s1_000810,human
s1_000811,ai
s1_000812,ai
s1_000813,ai
s1_000814,human
s1_000815,ai
s1_000816,ai
s1_000817,ai
s1_000818,human
s1_000819,human
s1_000820,ai
s1_000821,human
s1_000822,ai
s1_000823,ai
s1_000824,human
s1_000825,human
s1_000826,human
s1_000827,ai
s1_000828,human
s1_000829,ai
s1_000830,ai
s1_000831,ai
s1_000832,human
s1_000833,ai
s1_000834,ai
s1_000835,ai
s1_000836,ai
s1_000837,ai
s1_000838,ai
s1_000839,ai
s1_000840,ai
s1_000841,human
s1_000842,human
s1_000843,ai
s1_000844,ai
s1_000845,human
s1_000846,ai
s1_000847,human
s1_000848,ai
s1_000849,human
s1_000850,ai
s1_000851,human
s1_000852,human
s1_000853,human
s1_000854,ai
s1_000855,ai
s1_000856,human
s1_000857,human
s1_000858,ai
s1_000859,human
s1_000860,human
s1_000861,ai
s1_000862,ai
s1_000863,human
s1_000864,human
s1_000865,human
s1_000866,human
s1_000867,ai
s1_000868,human
s1_000869,human
s1_000870,ai
s1_000871,ai
s1_000872,ai
s1_000873,ai
s1_000874,human
s1_000875,ai
s1_000876,ai
s1_000877,ai
s1_000878,human
s1_000879,ai
s1_000880,ai
s1_000881,human
s1_000882,ai
s1_000883,ai
s1_000884,ai
s1_000885,human
s1_000886,human
s1_000887,ai
s1_000888,human
s1_000889,human
s1_000890,ai
s1_000891,ai
s1_000892,human
s1_000893,human
s1_000894,human
s1_000895,human
s1_000896,ai
s1_000897,human
s1_000898,human
s1_000899,ai
s1_000900,ai
s1_000901,human
s1_000902,ai
s1_000903,ai
s1_000904,human
s1_000905,human
s1_000906,ai
s1_000907,ai
s1_000908,ai
s1_000909,ai
s1_000910,human
s1_000911,human
s1_000912,ai
s1_000913,ai
s1_000914,human
s1_000915,human
s1_000916,human
s1_000917,ai
s1_000918,ai
s1_000919,human
s1_000920,human
s1_000921,human
s1_000922,human
s1_000923,ai
s1_000924,human
s1_000925,human
s1_000926,human
s1_000927,ai
s1_000928,human
s1_000929,ai
s1_000930,human
s1_000931,human
s1_000932,human
s1_000933,human
s1_000934,ai
s1_000935,human
s1_000936,ai
s1_000937,human
s1_000938,ai
s1_000939,ai
s1_000940,human
s1_000941,ai
s1_000942,human
s1_000943,ai
s1_000944,ai
s1_000945,ai
s1_000946,ai
s1_000947,human
s1_000948,ai
s1_000949,ai
s1_000950,human
s1_000951,ai
s1_000952,human
s1_000953,human
s1_000954,ai
s1_000955,human
s1_000956,ai
s1_000957,ai
s1_000958,human
s1_000959,human
s1_000960,ai
s1_000961,human
s1_000962,human
s1_000963,ai
s1_000964,human
s1_000965,ai
s1_000966,human
s1_000967,human
s1_000968,ai
s1_000969,ai
s1_000970,human
s1_000971,human
s1_000972,ai
s1_000973,ai
s1_000974,human
s1_000975,ai
s1_000976,ai
s1_000977,ai
s1_000978,human
s1_000979,ai
s1_000980,ai
s1_000981,human
s1_000982,ai
s1_000983,ai
s1_000984,ai
s1_000985,ai
s1_000986,ai
s1_000987,ai
s1_000988,human
s1_000989,ai
s1_000990,human
s1_000991,human
s1_000992,ai
s1_000993,ai
s1_000994,human
s1_000995,ai
s1_000996,ai
s1_000997,human
s1_000998,human
s1_000999,human
s1_001000,human
s1_001001,human
s1_001002,human
s1_001003,ai
s1_001004,ai
s1_001005,human
s1_001006,ai
s1_001007,ai
s1_001008,ai
s1_001009,ai
s1_001010,ai
s1_001011,human
s1_001012,ai
s1_001013,human
s1_001014,human
s1_001015,ai
s1_001016,human
s1_001017,ai
s1_001018,ai
s1_001019,ai
s1_001020,ai
s1_001021,ai
s1_001022,ai
s1_001023,ai
s1_001024,human
s1_001025,ai
s1_001026,human
s1_001027,human
s1_001028,human
s1_001029,human
s1_001030,ai
s1_001031,human
s1_001032,human
s1_001033,human
s1_001034,ai
s1_001035,human
s1_001036,ai
s1_001037,ai
s1_001038,ai
s1_001039,ai
s1_001040,ai
s1_001041,human
s1_001042,ai
s1_001043,human
s1_001044,human
s1_001045,ai
s1_001046,ai
s1_001047,ai
s1_001048,human
s1_001049,ai
s1_001050,human
s1_001051,ai
s1_001052,human
s1_001053,human
s1_001054,ai
s1_001055,ai
s1_001056,ai
s1_001057,ai
s1_001058,ai
s1_001059,ai
s1_001060,ai
s1_001061,ai
s1_001062,ai
s1_001063,human
s1_001064,human
s1_001065,human
s1_001066,ai
s1_001067,ai
s1_001068,ai
s1_001069,human
s1_001070,human
s1_001071,human
s1_001072,human
s1_001073,ai
s1_001074,ai
s1_001075,human
s1_001076,human
s1_001077,ai
s1_001078,human
s1_001079,human
s1_001080,human
s1_001081,human
s1_001082,human
s1_001083,ai
s1_001084,human
s1_001085,human
s1_001086,ai
s1_001087,ai
s1_001088,human
s1_001089,ai
s1_001090,human
s1_001091,human
s1_001092,human
s1_001093,ai
s1_001094,ai
s1_001095,human
s1_001096,ai
s1_001097,ai
s1_001098,ai
s1_001099,ai
s1_001100,human
s1_001101,ai
s1_001102,human
s1_001103,human
s1_001104,human
s1_001105,human
s1_001106,ai
s1_001107,human
s1_001108,ai
s1_001109,ai
s1_001110,human
s1_001111,ai
s1_001112,human
s1_001113,ai
s1_001114,human
s1_001115,ai
s1_001116,ai
s1_001117,ai
s1_001118,human
s1_001119,ai
s1_001120,ai
s1_001121,human
s1_001122,human
s1_001123,ai
s1_001124,ai
s1_001125,human
s1_001126,ai
s1_001127,human
s1_001128,human
s1_001129,ai
s1_001130,human
s1_001131,ai
s1_001132,human
s1_001133,human
s1_001134,human
s1_001135,ai
s1_001136,ai
s1_001137,ai
s1_001138,ai
s1_001139,human
s1_001140,ai
s1_001141,ai
s1_001142,ai
s1_001143,human
s1_001144,human
s1_001145,ai
s1_001146,ai
s1_001147,ai
s1_001148,ai
s1_001149,ai
s1_001150,human
s1_001151,human
s1_001152,human
s1_001153,ai
s1_001154,ai
s1_001155,ai
s1_001156,ai
s1_001157,human
s1_001158,human
s1_001159,ai
s1_001160,ai
s1_001161,human
s1_001162,human
s1_001163,ai
s1_001164,human
s1_001165,ai
s1_001166,ai
s1_001167,ai
s1_001168,human
s1_001169,human
s1_001170,ai
s1_001171,ai
s1_001172,human
s1_001173,ai
s1_001174,ai
s1_001175,ai
s1_001176,ai
s1_001177,ai
s1_001178,human
s1_001179,ai
s1_001180,ai
s1_001181,human
s1_001182,human
s1_001183,human
s1_001184,ai
s1_001185,ai
s1_001186,ai
s1_001187,human
s1_001188,ai
s1_001189,ai
s1_001190,ai
s1_001191,human
s1_001192,ai
s1_001193,human
s1_001194,human
s1_001195,ai
s1_001196,human
s1_001197,human
s1_001198,human
s1_001199,ai
s1_001200,ai
s1_001201,human
s1_001202,ai
s1_001203,ai
s1_001204,ai
s1_001205,human
s1_001206,human
s1_001207,ai
s1_001208,human
s1_001209,human
s1_001210,ai
s1_001211,ai
s1_001212,ai
s1_001213,ai
s1_001214,ai
s1_001215,human
s1_001216,ai
s1_001217,ai
s1_001218,ai
s1_001219,ai
s1_001220,human
s1_001221,ai
s1_001222,human
s1_001223,ai
s1_001224,ai
s1_001225,ai
s1_001226,human
s1_001227,human
s1_001228,ai
s1_001229,human
s1_001230,ai
s1_001231,human
s1_001232,ai
s1_001233,human
s1_001234,human
s1_001235,ai
s1_001236,ai
s1_001237,human
s1_001238,human
s1_001239,ai
s1_001240,human
s1_001241,human
s1_001242,human
s1_001243,human
s1_001244,ai
s1_001245,human
s1_001246,human
s1_001247,human
s1_001248,ai
s1_001249,ai
s1_001250,human
s1_001251,ai
s1_001252,human
s1_001253,human
s1_001254,ai
s1_001255,human
s1_001256,human
s1_001257,human
s1_001258,ai
s1_001259,ai
s1_001260,human
s1_001261,human
s1_001262,ai
s1_001263,human
s1_001264,human
s1_001265,human
s1_001266,human
s1_001267,ai
s1_001268,human
s1_001269,ai
s1_001270,ai
s1_001271,human
s1_001272,human
s1_001273,ai
s1_001274,human
s1_001275,ai
s1_001276,human
s1_001277,ai
s1_001278,ai
s1_001279,ai
s1_001280,ai
s1_001281,ai
s1_001282,human
s1_001283,human
s1_001284,ai
s1_001285,ai
s1_001286,ai
s1_001287,human
s1_001288,ai
s1_001289,ai
s1_001290,ai
s1_001291,human
s1_001292,ai
s1_001293,human
s1_001294,human
s1_001295,human
s1_001296,human
s1_001297,ai
s1_001298,ai
s1_001299,ai
s1_001300,human
s1_001301,ai
s1_001302,ai
s1_001303,ai
s1_001304,ai
s1_001305,ai
s1_001306,ai
s1_001307,human
s1_001308,ai
s1_001309,ai
s1_001310,human
s1_001311,ai
s1_001312,ai
s1_001313,human
s1_001314,human
s1_001315,human
s1_001316,human
s1_001317,ai
s1_001318,human
s1_001319,ai
s1_001320,ai
s1_001321,human
s1_001322,ai
s1_001323,ai
s1_001324,human
s1_001325,human
s1_001326,ai
s1_001327,ai
s1_001328,ai
s1_001329,ai
s1_001330,human
s1_001331,ai
s1_001332,ai
s1_001333,ai
s1_001334,human
s1_001335,human
s1_001336,human
s1_001337,ai
s1_001338,ai
s1_001339,ai
s1_001340,ai
s1_001341,ai
s1_001342,human
s1_001343,human
s1_001344,human
s1_001345,ai
s1_001346,human
s1_001347,ai
s1_001348,ai
s1_001349,human
s1_001350,human
s1_001351,human
s1_001352,human
s1_001353,human
s1_001354,human
s1_001355,human
s1_001356,human
s1_001357,ai
s1_001358,human
s1_001359,human
s1_001360,ai
s1_001361,ai
s1_001362,ai
s1_001363,human
s1_001364,ai
s1_001365,human
s1_001366,ai
s1_001367,ai
s1_001368,ai
s1_001369,human
s1_001370,human
s1_001371,human
s1_001372,ai
s1_001373,human
s1_001374,human
s1_001375,ai
s1_001376,human
s1_001377,human
s1_001378,ai
s1_001379,ai
s1_001380,human
s1_001381,ai
s1_001382,human
s1_001383,human
s1_001384,ai
s1_001385,human
s1_001386,human
s1_001387,ai
s1_001388,ai
s1_001389,human
s1_001390,ai
s1_001391,human
s1_001392,human
s1_001393,human
s1_001394,human
s1_001395,ai
s1_001396,ai
s1_001397,human
s1_001398,human
s1_001399,ai
s1_001400,ai
s1_001401,ai
s1_001402,human
s1_001403,ai
s1_001404,ai
s1_001405,ai
s1_001406,ai
s1_001407,human
s1_001408,human
s1_001409,ai
s1_001410,ai
s1_001411,ai
s1_001412,human
s1_001413,human
s1_001414,ai
s1_001415,ai
s1_001416,ai
s1_001417,human
s1_001418,ai
s1_001419,ai
s1_001420,human
s1_001421,human
s1_001422,ai
s1_001423,human
s1_001424,human
s1_001425,human
s1_001426,ai
s1_001427,ai
s1_001428,human
s1_001429,human
s1_001430,human
s1_001431,human
s1_001432,human
s1_001433,human
s1_001434,ai
s1_001435,human
s1_001436,ai
s1_001437,human
s1_001438,ai
s1_001439,ai
s1_001440,human
s1_001441,ai
s1_001442,human
s1_001443,human
s1_001444,ai
s1_001445,ai
s1_001446,ai
s1_001447,ai
s1_001448,human
s1_001449,human
s1_001450,human
s1_001451,ai
s1_001452,human
s1_001453,human
s1_001454,human
s1_001455,ai
s1_001456,human
s1_001457,ai
s1_001458,ai
s1_001459,ai
s1_001460,human
s1_001461,human
s1_001462,ai
s1_001463,ai
s1_001464,human
s1_001465,ai
s1_001466,ai
s1_001467,human
s1_001468,ai
s1_001469,ai
s1_001470,ai
s1_001471,human
s1_001472,ai
s1_001473,ai
s1_001474,human
s1_001475,ai
s1_001476,ai
s1_001477,ai
s1_001478,human
s1_001479,ai
s1_001480,ai
s1_001481,human
s1_001482,human
s1_001483,ai
s1_001484,human
s1_001485,human
s1_001486,human
s1_001487,human
s1_001488,human
s1_001489,human
s1_001490,human
s1_001491,ai
s1_001492,human
s1_001493,ai
s1_001494,human
s1_001495,ai
s1_001496,ai
s1_001497,ai
s1_001498,ai
s1_001499,human
s1_001500,ai
s1_001501,human
s1_001502,ai
s1_001503,ai
s1_001504,human
s1_001505,human
s1_001506,ai
s1_001507,ai
s1_001508,ai
s1_001509,ai
s1_001510,ai
s1_001511,ai
s1_001512,human
s1_001513,ai
s1_001514,ai
s1_001515,human
s1_001516,human
s1_001517,ai
s1_001518,ai
s1_001519,ai
s1_001520,human
s1_001521,human
s1_001522,human
s1_001523,ai
s1_001524,ai
s1_001525,human
s1_001526,ai
s1_001527,human
s1_001528,ai
s1_001529,ai
s1_001530,human
s1_001531,human
s1_001532,ai
s1_001533,ai
s1_001534,human
s1_001535,ai
s1_001536,ai
s1_001537,ai
s1_001538,ai
s1_001539,ai
s1_001540,human
s1_001541,ai
s1_001542,ai
s1_001543,ai
s1_001544,human
s1_001545,human
s1_001546,human
s1_001547,ai
s1_001548,ai
s1_001549,human
s1_001550,ai
s1_001551,ai
s1_001552,ai
s1_001553,human
s1_001554,ai
s1_001555,human
s1_001556,human
s1_001557,human
s1_001558,ai
s1_001559,human
s1_001560,ai
s1_001561,ai
s1_001562,ai
s1_001563,ai
s1_001564,human
s1_001565,human
s1_001566,ai
s1_001567,human
s1_001568,ai
s1_001569,ai
s1_001570,ai
s1_001571,human
s1_001572,ai
s1_001573,human
s1_001574,human
s1_001575,human
s1_001576,human
s1_001577,ai
s1_001578,ai
s1_001579,human
s1_001580,ai
s1_001581,ai
s1_001582,human
s1_001583,ai
s1_001584,human
s1_001585,ai
s1_001586,ai
s1_001587,human
s1_001588,ai
s1_001589,ai
s1_001590,human
s1_001591,human
s1_001592,ai
s1_001593,ai
s1_001594,ai
s1_001595,ai
s1_001596,ai
s1_001597,ai
s1_001598,ai
s1_001599,ai
s1_001600,human
s1_001601,ai
s1_001602,ai
s1_001603,ai
s1_001604,ai
s1_001605,ai
s1_001606,ai
s1_001607,ai
s1_001608,ai
s1_001609,ai
s1_001610,ai
s1_001611,human
s1_001612,human
s1_001613,human
s1_001614,human
s1_001615,ai
s1_001616,ai
s1_001617,ai
s1_001618,human
s1_001619,ai
s1_001620,ai
s1_001621,human
s1_001622,ai
s1_001623,ai
s1_001624,ai
s1_001625,ai
s1_001626,ai
s1_001627,human
s1_001628,ai
s1_001629,ai
s1_001630,ai
s1_001631,ai
s1_001632,human
s1_001633,human
s1_001634,human
s1_001635,ai
s1_001636,ai
s1_001637,ai
s1_001638,human
s1_001639,ai
s1_001640,human
s1_001641,human
s1_001642,ai
s1_001643,ai
s1_001644,ai
s1_001645,human
s1_001646,ai
s1_001647,ai
s1_001648,ai
s1_001649,ai
s1_001650,human
s1_001651,ai
s1_001652,human
s1_001653,ai
s1_001654,ai
s1_001655,human
s1_001656,ai
s1_001657,ai
s1_001658,human
s1_001659,ai
s1_001660,human
s1_001661,ai
s1_001662,human
s1_001663,ai
s1_001664,ai
s1_001665,ai
s1_001666,human
s1_001667,human
s1_001668,ai
s1_001669,ai
s1_001670,ai
s1_001671,human
s1_001672,ai
s1_001673,human
s1_001674,human
s1_001675,ai
s1_001676,ai
s1_001677,human
s1_001678,ai
s1_001679,human
s1_001680,ai
s1_001681,human
s1_001682,human
s1_001683,ai
s1_001684,human
s1_001685,human
s1_001686,ai
s1_001687,ai
s1_001688,human
s1_001689,human
s1_001690,human
s1_001691,ai
s1_001692,human
s1_001693,ai
s1_001694,ai
s1_001695,ai
s1_001696,human
s1_001697,human
s1_001698,ai
s1_001699,ai
s1_001700,human
s1_001701,human
s1_001702,human
s1_001703,ai
s1_001704,human
s1_001705,ai
s1_001706,ai
s1_001707,human
s1_001708,human
s1_001709,ai
s1_001710,ai
s1_001711,ai
s1_001712,human
s1_001713,ai
s1_001714,ai
s1_001715,human
s1_001716,human
s1_001717,human
s1_001718,human
s1_001719,ai
s1_001720,human
s1_001721,ai
s1_001722,human
s1_001723,human
s1_001724,ai
s1_001725,human
s1_001726,human
s1_001727,human
s1_001728,human
s1_001729,human
s1_001730,human
s1_001731,human
s1_001732,ai
s1_001733,human
s1_001734,ai
s1_001735,human
s1_001736,ai
s1_001737,ai
s1_001738,ai
s1_001739,human
s1_001740,ai
s1_001741,ai
s1_001742,human
s1_001743,human
s1_001744,human
s1_001745,human
s1_001746,human
s1_001747,ai
s1_001748,human
s1_001749,human
s1_001750,ai
s1_001751,ai
s1_001752,ai
s1_001753,human
s1_001754,human
s1_001755,ai
s1_001756,human
s1_001757,ai
s1_001758,ai
s1_001759,human
s1_001760,human
s1_001761,human
s1_001762,ai
s1_001763,ai
s1_001764,ai
s1_001765,human
s1_001766,ai
s1_001767,ai
s1_001768,human
s1_001769,ai
s1_001770,ai
s1_001771,ai
s1_001772,ai
s1_001773,human
s1_001774,ai
s1_001775,human
s1_001776,human
s1_001777,human
s1_001778,human
s1_001779,ai
s1_001780,human
s1_001781,human
s1_001782,ai
s1_001783,human
s1_001784,human
s1_001785,human
s1_001786,ai
s1_001787,human
s1_001788,ai
s1_001789,ai
s1_001790,human
s1_001791,human
s1_001792,ai
s1_001793,human
s1_001794,human
s1_001795,human
s1_001796,ai
s1_001797,human
s1_001798,ai
s1_001799,human
s1_001800,human
s1_001801,ai
s1_001802,human
s1_001803,ai
s1_001804,ai
s1_001805,ai
s1_001806,ai
s1_001807,human
s1_001808,ai
s1_001809,ai
s1_001810,ai
s1_001811,ai
s1_001812,ai
s1_001813,ai
s1_001814,human
s1_001815,ai
s1_001816,human
s1_001817,human
s1_001818,ai
s1_001819,human
s1_001820,human
s1_001821,ai
s1_001822,human
s1_001823,human
s1_001824,ai
s1_001825,human
s1_001826,ai
s1_001827,human
s1_001828,human
s1_001829,human
s1_001830,ai
s1_001831,human
s1_001832,ai
s1_001833,human
s1_001834,ai
s1_001835,ai
s1_001836,ai
s1_001837,ai
s1_001838,ai
s1_001839,ai
s1_001840,ai
s1_001841,ai
s1_001842,ai
s1_001843,ai
s1_001844,ai
s1_001845,ai
s1_001846,human
s1_001847,human
s1_001848,human
s1_001849,ai
s1_001850,human
s1_001851,ai
s1_001852,human
s1_001853,human
s1_001854,ai
s1_001855,ai
s1_001856,human
s1_001857,human
s1_001858,ai
s1_001859,ai
s1_001860,human
s1_001861,human
s1_001862,ai
s1_001863,ai
s1_001864,ai
s1_001865,ai
s1_001866,human
s1_001867,human
s1_001868,human
s1_001869,human
s1_001870,ai
s1_001871,human
s1_001872,human
s1_001873,human
s1_001874,human
s1_001875,ai
s1_001876,ai
s1_001877,ai
s1_001878,human
s1_001879,human
s1_001880,human
s1_001881,ai
s1_001882,ai
s1_001883,human
s1_001884,ai
s1_001885,ai
s1_001886,ai
s1_001887,ai
s1_001888,ai
s1_001889,human
s1_001890,human
s1_001891,human
s1_001892,human
s1_001893,human
s1_001894,ai
s1_001895,ai
s1_001896,human
s1_001897,human
s1_001898,ai
s1_001899,ai
s1_001900,human
s1_001901,ai
s1_001902,human
s1_001903,ai
s1_001904,human
s1_001905,human
s1_001906,human
s1_001907,human
s1_001908,human
s1_001909,ai
s1_001910,ai
s1_001911,ai
s1_001912,human
s1_001913,ai
s1_001914,ai
s1_001915,human
s1_001916,ai
s1_001917,ai
s1_001918,human
s1_001919,human
s1_001920,human
s1_001921,human
s1_001922,human
s1_001923,ai
s1_001924,human
s1_001925,ai
s1_001926,ai
s1_001927,ai
s1_001928,human
s1_001929,human
s1_001930,ai
s1_001931,human
s1_001932,human
s1_001933,ai
s1_001934,ai
s1_001935,ai
s1_001936,ai
s1_001937,human
s1_001938,human
s1_001939,human
s1_001940,ai
s1_001941,ai
s1_001942,human
s1_001943,human
s1_001944,ai
s1_001945,human
s1_001946,ai
s1_001947,human
s1_001948,human
s1_001949,ai
s1_001950,ai
s1_001951,human
s1_001952,human
s1_001953,human
s1_001954,human
s1_001955,ai
s1_001956,human
s1_001957,human
s1_001958,human
s1_001959,ai
s1_001960,human
s1_001961,ai
s1_001962,ai
s1_001963,ai
s1_001964,ai
s1_001965,human
s1_001966,human
s1_001967,human
s1_001968,ai
s1_001969,ai
s1_001970,human
s1_001971,ai
s1_001972,human
s1_001973,human
s1_001974,ai
s1_001975,ai
s1_001976,human
s1_001977,human
s1_001978,ai
s1_001979,ai
s1_001980,ai
s1_001981,ai
s1_001982,ai
s1_001983,ai
s1_001984,ai
s1_001985,human
s1_001986,ai
s1_001987,ai
s1_001988,ai
s1_001989,human
s1_001990,ai
s1_001991,human
s1_001992,human
s1_001993,ai
s1_001994,human
s1_001995,human
s1_001996,human
s1_001997,human
s1_001998,human
s1_001999,ai
s1_002000,ai
s1_002001,human
s1_002002,ai
s1_002003,human
s1_002004,human
s1_002005,human
s1_002006,human
s1_002007,ai
s1_002008,ai
s1_002009,human
s1_002010,human
s1_002011,ai
s1_002012,human
s1_002013,ai
s1_002014,ai
s1_002015,human
s1_002016,ai
s1_002017,ai
s1_002018,human
s1_002019,ai
s1_002020,human
s1_002021,ai
s1_002022,ai
s1_002023,human
s1_002024,human
s1_002025,ai
s1_002026,ai
s1_002027,ai
s1_002028,human
s1_002029,ai
s1_002030,human
s1_002031,human
s1_002032,ai
s1_002033,ai
s1_002034,human
s1_002035,human
s1_002036,ai
s1_002037,human
s1_002038,ai
s1_002039,human
s1_002040,ai
s1_002041,ai
s1_002042,human
s1_002043,human
s1_002044,human
s1_002045,human
s1_002046,ai
s1_002047,ai
s1_002048,human
s1_002049,human
s1_002050,ai
s1_002051,human
s1_002052,ai
s1_002053,ai
s1_002054,human
s1_002055,ai
s1_002056,human
s1_002057,ai
s1_002058,ai
s1_002059,human
s1_002060,ai
s1_002061,human
s1_002062,ai
s1_002063,ai
s1_002064,ai
s1_002065,ai
s1_002066,ai
s1_002067,ai
s1_002068,ai
s1_002069,ai
s1_002070,human
s1_002071,human
s1_002072,ai
s1_002073,ai
s1_002074,human
s1_002075,human
s1_002076,ai
s1_002077,human
s1_002078,ai
s1_002079,human
s1_002080,ai
s1_002081,human
s1_002082,human
s1_002083,ai
s1_002084,ai
s1_002085,human
s1_002086,ai
s1_002087,human
s1_002088,ai
s1_002089,human
s1_002090,ai
s1_002091,ai
s1_002092,human
s1_002093,ai
s1_002094,ai
s1_002095,human
s1_002096,ai
s1_002097,ai
s1_002098,human
s1_002099,ai
s1_002100,ai
s1_002101,ai
s1_002102,ai
s1_002103,ai
s1_002104,ai
s1_002105,human
s1_002106,ai
s1_002107,ai
s1_002108,ai
s1_002109,human
s1_002110,ai
s1_002111,ai
s1_002112,ai
s1_002113,human
s1_002114,human
s1_002115,human
s1_002116,human
s1_002117,human
s1_002118,ai
s1_002119,ai
s1_002120,ai
s1_002121,human
s1_002122,human
s1_002123,human
s1_002124,human
s1_002125,human
s1_002126,human
s1_002127,human
s1_002128,ai
s1_002129,ai
s1_002130,human
s1_002131,ai
s1_002132,ai
s1_002133,human
s1_002134,human
s1_002135,ai
s1_002136,ai
s1_002137,human
s1_002138,ai
s1_002139,ai
s1_002140,ai
s1_002141,ai
s1_002142,ai
s1_002143,human
s1_002144,ai
s1_002145,ai
s1_002146,ai
s1_002147,ai
s1_002148,human
s1_002149,ai
s1_002150,ai
s1_002151,ai
s1_002152,ai
s1_002153,ai
s1_002154,ai
s1_002155,human
s1_002156,human
s1_002157,human
s1_002158,ai
s1_002159,human
s1_002160,ai
s1_002161,ai
s1_002162,human
s1_002163,human
s1_002164,ai
s1_002165,human
s1_002166,human
s1_002167,human
s1_002168,ai
s1_002169,ai
s1_002170,ai
s1_002171,ai
s1_002172,ai
s1_002173,ai
s1_002174,ai
s1_002175,human
s1_002176,human
s1_002177,human
s1_002178,human
s1_002179,human
s1_002180,ai
s1_002181,ai
s1_002182,ai
s1_002183,ai
s1_002184,human
s1_002185,ai
s1_002186,human
s1_002187,ai
s1_002188,ai
s1_002189,ai
s1_002190,human
s1_002191,ai
s1_002192,ai
s1_002193,ai
s1_002194,human
s1_002195,ai
s1_002196,human
s1_002197,human
s1_002198,human
s1_002199,human
s1_002200,human
s1_002201,ai
s1_002202,ai
s1_002203,ai
s1_002204,ai
s1_002205,ai
s1_002206,ai
s1_002207,human
s1_002208,human
s1_002209,ai
s1_002210,ai
s1_002211,ai
s1_002212,ai
s1_002213,ai
s1_002214,human
s1_002215,ai
s1_002216,human
s1_002217,human
s1_002218,human
s1_002219,ai
s1_002220,ai
s1_002221,human
s1_002222,human
s1_002223,human
s1_002224,ai
s1_002225,human
s1_002226,ai
s1_002227,human
s1_002228,ai
s1_002229,ai
s1_002230,human
s1_002231,ai
s1_002232,ai
s1_002233,ai
s1_002234,ai
s1_002235,ai
s1_002236,ai
s1_002237,ai
s1_002238,ai
s1_002239,ai
s1_002240,human
s1_002241,ai
s1_002242,human
s1_002243,ai
s1_002244,human
s1_002245,ai
s1_002246,ai
s1_002247,ai
s1_002248,human
s1_002249,ai
s1_002250,human
s1_002251,ai
s1_002252,human
s1_002253,ai
s1_002254,ai
s1_002255,ai
s1_002256,ai
s1_002257,human
s1_002258,ai
s1_002259,human
s1_002260,human
s1_002261,human
s1_002262,human
s1_002263,ai
s1_002264,ai
s1_002265,ai
s1_002266,ai
s1_002267,ai
s1_002268,human
s1_002269,ai
s1_002270,ai
s1_002271,ai
s1_002272,ai
s1_002273,human
s1_002274,human
s1_002275,ai
s1_002276,ai
s1_002277,ai
s1_002278,ai
s1_002279,ai
s1_002280,ai
s1_002281,human
s1_002282,human
s1_002283,ai
s1_002284,human
s1_002285,human
s1_002286,ai
s1_002287,ai
s1_002288,human
s1_002289,ai
s1_002290,human
s1_002291,ai
s1_002292,ai
s1_002293,human
s1_002294,ai
s1_002295,ai
s1_002296,ai
s1_002297,human
s1_002298,human
s1_002299,human
s1_002300,ai
s1_002301,human
s1_002302,ai
s1_002303,ai
s1_002304,human
s1_002305,ai
s1_002306,human
s1_002307,human
s1_002308,human
s1_002309,ai
s1_002310,human
s1_002311,ai
s1_002312,human
s1_002313,ai
s1_002314,ai
s1_002315,human
s1_002316,ai
s1_002317,human
s1_002318,human
s1_002319,ai
s1_002320,human
s1_002321,ai
s1_002322,human
s1_002323,human
s1_002324,human
s1_002325,ai
s1_002326,human
s1_002327,ai
s1_002328,ai
s1_002329,human
s1_002330,human
s1_002331,ai
s1_002332,human
s1_002333,human
s1_002334,human
s1_002335,ai
s1_002336,ai
s1_002337,ai
s1_002338,human
s1_002339,human
s1_002340,ai
s1_002341,ai
s1_002342,human
s1_002343,ai
s1_002344,ai
s1_002345,ai
s1_002346,ai
s1_002347,ai
s1_002348,ai
s1_002349,ai
s1_002350,human
s1_002351,ai
s1_002352,ai
s1_002353,human
s1_002354,ai
s1_002355,human
s1_002356,human
s1_002357,ai
s1_002358,human
s1_002359,human
s1_002360,human
s1_002361,ai
s1_002362,human
s1_002363,ai
s1_002364,ai
s1_002365,ai
s1_002366,human
s1_002367,human
s1_002368,human
s1_002369,ai
s1_002370,human
s1_002371,human
s1_002372,ai
s1_002373,ai
s1_002374,human
s1_002375,ai
s1_002376,ai
s1_002377,human
s1_002378,ai
s1_002379,ai
s1_002380,human
s1_002381,human
s1_002382,ai
s1_002383,ai
s1_002384,ai
s1_002385,ai
s1_002386,human
s1_002387,ai
s1_002388,ai
s1_002389,human
s1_002390,human
s1_002391,ai
s1_002392,human
s1_002393,ai
s1_002394,ai
s1_002395,ai
s1_002396,human
s1_002397,human
s1_002398,human
s1_002399,ai
s1_002400,ai
s1_002401,ai
s1_002402,ai
s1_002403,ai
s1_002404,ai
s1_002405,ai
s1_002406,human
s1_002407,human
s1_002408,human
s1_002409,ai
s1_002410,ai
s1_002411,ai
s1_002412,ai
s1_002413,human
s1_002414,ai
s1_002415,human
s1_002416,human
s1_002417,ai
s1_002418,human
s1_002419,ai
s1_002420,human
s1_002421,ai
s1_002422,human
s1_002423,ai
s1_002424,ai
s1_002425,human
s1_002426,ai
s1_002427,human
s1_002428,human
s1_002429,human
s1_002430,ai
s1_002431,human
s1_002432,ai
s1_002433,human
s1_002434,ai
s1_002435,human
s1_002436,ai
s1_002437,ai
s1_002438,ai
s1_002439,human
s1_002440,ai
s1_002441,ai
s1_002442,ai
s1_002443,human
s1_002444,ai
s1_002445,ai
s1_002446,ai
s1_002447,human
s1_002448,human
s1_002449,human
s1_002450,human
s1_002451,ai
s1_002452,human
s1_002453,ai
s1_002454,ai
s1_002455,human
s1_002456,ai
s1_002457,human
s1_002458,human
s1_002459,human
s1_002460,human
s1_002461,human
s1_002462,ai
s1_002463,ai
s1_002464,ai
s1_002465,human
s1_002466,human
s1_002467,ai
s1_002468,ai
s1_002469,human
s1_002470,ai
s1_002471,ai
s1_002472,ai
s1_002473,ai
s1_002474,human
s1_002475,human
s1_002476,ai
s1_002477,ai
s1_002478,ai
s1_002479,human
s1_002480,human
s1_002481,ai
s1_002482,human
s1_002483,ai
s1_002484,ai
s1_002485,ai
s1_002486,human
s1_002487,ai
s1_002488,human
s1_002489,human
s1_002490,ai
s1_002491,human
s1_002492,ai
s1_002493,ai
s1_002494,ai
s1_002495,human
s1_002496,human
s1_002497,ai
s1_002498,human
s1_002499,human
s1_002500,human
s1_002501,ai
s1_002502,human
s1_002503,ai
s1_002504,human
s1_002505,ai
s1_002506,ai
s1_002507,human
s1_002508,ai
s1_002509,ai
s1_002510,ai
s1_002511,human
s1_002512,ai
s1_002513,ai
s1_002514,ai
s1_002515,ai
s1_002516,human
s1_002517,human
s1_002518,ai
s1_002519,human
s1_002520,human
s1_002521,human
s1_002522,ai
s1_002523,ai
s1_002524,ai
s1_002525,human
s1_002526,ai
s1_002527,ai
s1_002528,human
s1_002529,ai
s1_002530,ai
s1_002531,human
s1_002532,human
s1_002533,ai
s1_002534,human
s1_002535,ai
s1_002536,ai
s1_002537,human
s1_002538,human
s1_002539,human
s1_002540,human
s1_002541,human
s1_002542,human
s1_002543,ai
s1_002544,human
s1_002545,ai
s1_002546,human
s1_002547,ai
s1_002548,ai
s1_002549,human
s1_002550,human
s1_002551,human
s1_002552,ai
s1_002553,ai
s1_002554,ai
s1_002555,ai
s1_002556,human
s1_002557,human
s1_002558,ai
s1_002559,human
s1_002560,ai
s1_002561,human
s1_002562,human
s1_002563,ai
s1_002564,ai
s1_002565,human
s1_002566,ai
s1_002567,ai
s1_002568,ai
s1_002569,human
s1_002570,ai
s1_002571,human
s1_002572,ai
s1_002573,human
s1_002574,human
s1_002575,ai
s1_002576,human
s1_002577,ai
s1_002578,human
s1_002579,human
s1_002580,ai
s1_002581,human
s1_002582,human
s1_002583,human
s1_002584,human
s1_002585,human
s1_002586,human
s1_002587,ai
s1_002588,ai
s1_002589,ai
s1_002590,human
s1_002591,ai
s1_002592,ai
s1_002593,human
s1_002594,ai
s1_002595,ai
s1_002596,human
s1_002597,ai
s1_002598,human
s1_002599,human
s1_002600,ai
s1_002601,ai
s1_002602,ai
s1_002603,ai
s1_002604,human
s1_002605,human
s1_002606,ai
s1_002607,ai
s1_002608,ai
s1_002609,human
s1_002610,human
s1_002611,human
s1_002612,human
s1_002613,ai
s1_002614,human
s1_002615,ai
s1_002616,ai
s1_002617,human
